customer_id,name,email,address
1,Zachary Powell,georgemichelle@example.org,"0105 Joyce Stream, East Thomas, ND 72569"
2,Shannon Randolph,williamskara@example.com,"80697 Montes Stream Suite 441, East Spencerburgh, NJ 60233"
3,Casey Hunter,kent97@example.com,"013 Christy Springs Suite 623, East Terrystad, NC 27151"
4,Kendra Lopez,richardallen@example.org,"8869 Russell Loop Suite 987, Port Charles, GU 09046"
5,James Martin,tiffanyjones@example.com,"535 Megan Fields, North Brian, DE 94634"
6,Kevin Orozco,cdavis@example.org,"8022 Angela Radial, South Sara, PR 59980"
7,Claire Warner,xhorn@example.com,"370 Dominique Mountain, North Kathrynland, HI 88716"
8,David Hall,twallace@example.com,"797 Erin Plaza, North Jacob, AZ 32441"
9,Shannon Campos,xpetersen@example.org,"Unit 1861 Box 0076, DPO AP 06140"
10,Tracy Davis,zolson@example.com,"170 Elizabeth Falls, Maxfurt, MH 44838"
11,Michael Johnson,ashley99@example.com,"120 Schultz Village, Brendaborough, WI 90453"
12,Debbie Perez,jean16@example.net,"PSC 3532, Box 8767, APO AE 95325"
13,Andre Gould,khanjuan@example.org,"355 Amy Junction, South Wesley, AS 83319"
14,Sarah Mata,david45@example.com,"661 Rodgers Locks, Port Kennethfurt, GU 98630"
15,Carrie Nichols,phillipsmichael@example.org,"14071 Charles Alley, New Matthew, MP 02073"
16,Valerie White,baileydawn@example.net,"53891 Lewis Road, Port Jamesfurt, OK 46276"
17,Erica Gonzales,lisamiller@example.net,"PSC 9324, Box 1645, APO AA 67519"
18,Scott Contreras,allensheila@example.net,"4099 Nicholas Bypass, Moorefurt, SD 26224"
19,Melanie Gay DVM,katherine22@example.com,"007 Lopez Islands Apt. 936, West Wyatt, PR 49585"
20,Tiffany Richardson,jessicadodson@example.org,"64941 Williams Lights, Evansview, NY 66406"
21,Jeremy Gibson,courtney76@example.org,"21974 Young Trail Suite 991, Lake Garyville, TX 77723"
22,John Estes,vyates@example.org,"PSC 5605, Box 7122, APO AA 48407"
23,Mrs. Kathy Hubbard,myerskaren@example.net,"53413 Wilson Crescent Suite 351, Lake Benjamin, KS 28369"
24,Emily Mann,jsmith@example.com,"122 Veronica Route, Lake Ashleymouth, PR 14220"
25,Gerald Ruiz,fisherjoseph@example.com,"876 Brenda Mission, Stoneview, AL 93599"
26,Karen Brown,uneal@example.com,"393 Amy Estate Suite 633, North Kristopher, NM 95686"
27,Teresa Golden,qrush@example.org,"23487 Carla Haven Apt. 704, Pageburgh, CT 85565"
28,Nicole Chung,bpotts@example.com,"716 Daniel Ville Suite 278, South Jeffrey, NY 21357"
29,Dr. Monica Patterson,kelly22@example.org,"009 Colin Courts, East Mary, CT 91996"
30,Daisy Fuller,swong@example.com,"57550 Shane Drive, West Ryan, WI 35894"
31,Jessica Mack,jasmine26@example.com,"2709 Miller Forks Suite 784, Charlesland, LA 39504"
32,Angela Davis,johnfernandez@example.com,"911 Gates Lake Suite 721, Samuelport, IA 55427"
33,Courtney Davis,iking@example.net,"2558 Li Turnpike Suite 381, Marissaview, MN 64909"
34,Diana Juarez,schmidtmelanie@example.net,"7046 Steven Gateway Suite 990, Simonstad, WA 32662"
35,Sarah Wood,helen52@example.net,"58857 Sheppard Row Suite 007, Zavalaview, CT 92784"
36,Danny Davis,katherinebarber@example.net,"166 Webster Burg Suite 783, Kelseyberg, NM 70187"
37,Thomas Reynolds,stevenaguilar@example.com,"280 Joshua Glen, Jonesmouth, IA 94432"
38,Todd Williamson,joshuahall@example.com,"31743 Williams Junction, Michaeltown, AR 10423"
39,Shelby Shaffer,rogertaylor@example.com,"85056 Christy Groves Apt. 438, Emilymouth, ME 74238"
40,Kristin Luna,jennaward@example.com,"283 Edward Squares Suite 288, Fowlerburgh, PW 57013"
41,Jill Owens,crystalgill@example.net,"36598 Brian Throughway, Robertmouth, AS 64204"
42,Paul Cooper,caitlin86@example.com,"2451 Glover Mountains Apt. 282, North Michelle, NM 20359"
43,Kathryn Park,catherinesims@example.org,"2563 Walker Ports, West Jenniferside, IA 57232"
44,Rebecca Lawson,morganjoel@example.net,"78711 Jones Cliffs Apt. 451, Patelborough, CA 85953"
45,Jordan Clarke,zblackburn@example.org,"023 William Glens, Brooksbury, CA 54006"
46,Sharon Hart,ashleyhall@example.net,"1025 Parker Plains, New Davidfort, SD 63130"
47,Kelsey Bowers,garyaguilar@example.net,"85823 Cunningham Summit Suite 271, Anthonyland, PA 91516"
48,Darren Hobbs,rayjames@example.org,"227 Martinez Mill Suite 492, Lake Kent, MS 06984"
49,Rodney Gonzalez,sarah47@example.com,"Unit 7465 Box 2595, DPO AP 94820"
50,Patrick Simon,kimberlygarcia@example.org,"032 Jason Gardens, Port Robertstad, DC 38545"
51,Lori Griffin,mjackson@example.com,"78484 Morales Estates, Johnstad, IA 86909"
52,Kevin Pierce,david80@example.com,"7277 Andre Court Suite 829, Brycechester, OR 97673"
53,Sean Knapp,aaron96@example.org,"74315 Christina Way Suite 707, New Jeffrey, CO 52997"
54,Peter Cantrell,shelley24@example.net,"120 Brandy Ridges, Pooleside, NV 04454"
55,Kyle Richardson,ebrown@example.com,"457 Henderson Street, Griffinside, RI 36157"
56,James Frye,bellamy@example.com,"USCGC Roberson, FPO AP 97295"
57,Jesus Morris,tonya44@example.net,"0304 Hernandez Branch Suite 245, North Kellyville, HI 29602"
58,Brittany Hall,romerojennifer@example.org,"3342 Rivera Valleys Suite 765, Lake Davidhaven, MO 47226"
59,Amber Hughes,cameronperkins@example.com,"119 Jared Fields, Lake Wayneborough, MD 30018"
60,Clinton Collins,ybaker@example.net,"PSC 1938, Box 5553, APO AP 17929"
61,Amy Bridges,charlesharris@example.net,"31684 Kennedy Orchard, West Colton, LA 23982"
62,Erika Brown,calvinmercer@example.net,"419 Arnold View, Lake Stephaniemouth, HI 72284"
63,Daniel Cooke,edwardsallison@example.com,"Unit 8929 Box 9810, DPO AA 75701"
64,David Wilson,trevinoregina@example.net,"07047 Walter Bypass, New John, TN 21720"
65,Alyssa Hale,micheal78@example.com,"233 Christopher Dale Apt. 811, South Ericton, NJ 32650"
66,Mrs. Michelle Acosta DVM,jaime93@example.org,"535 Ramirez Pass Suite 361, Jobury, CO 46024"
67,Lisa Prince,kellybest@example.com,"709 Hector Lock, Coryport, MH 85494"
68,Alexandra Mack MD,douglas90@example.com,"3167 Oneal Tunnel Suite 603, Reyesburgh, KS 25044"
69,Daniel Krueger,lauren84@example.org,"0616 James View Suite 048, Jamesport, MP 10501"
70,Craig Johnson,michelleyoung@example.org,"5102 David Pike, South Douglas, NH 49956"
71,Joe Phillips,josephadams@example.com,"5279 Martin Pines Suite 234, Lake Melissa, NM 05074"
72,Kimberly Hall,joseph50@example.com,"950 John Points, Darrylborough, AL 34057"
73,Edward Thompson,scottpaul@example.org,"6063 Tina Locks, Chadtown, AZ 32625"
74,Joshua Hutchinson,khall@example.net,"56555 Hale Bridge, Port Robinville, MS 47583"
75,Nancy Scott,morsematthew@example.com,"32669 Mendoza Courts Suite 934, Victoriashire, MP 99028"
76,Bianca Bridges,tonya37@example.net,"62956 Anderson Divide, Madisonshire, PA 31059"
77,Lori Moses,tamikelly@example.net,"PSC 3763, Box 3314, APO AP 34377"
78,Thomas Jackson,flynnglenda@example.com,"007 Jennifer Bypass, Jamesburgh, ID 65719"
79,Susan Terry,emartinez@example.org,"228 Matthew Plains Apt. 670, Michellestad, WV 52076"
80,Gina Gardner,joy79@example.net,"00990 Mitchell Overpass, Port Tinaville, CT 05769"
81,Manuel Davis,eric79@example.com,"51918 Mitchell Freeway Apt. 483, Kathrynview, MN 87570"
82,Charles Green,brownnancy@example.org,"0749 Mendoza Divide, West Jefferyland, SC 03534"
83,Angela Edwards,phillipsanchez@example.net,"82426 Green Knoll Suite 842, Joshuabury, UT 91586"
84,Ethan Walsh,michaelnavarro@example.org,"Unit 6298 Box 5325, DPO AE 80401"
85,Sydney Williams,stonecaleb@example.org,"995 Carmen Mount, Alexahaven, NE 04337"
86,Samantha Barron,patrick31@example.net,"USS Davis, FPO AP 68956"
87,Mathew Bauer,patricia38@example.com,"8445 Veronica Center, Port Vincentmouth, MA 40559"
88,Mark Brown,steelejohn@example.net,"444 Sylvia Mills, Stevenborough, KS 26540"
89,Billy Smith,pbarrett@example.net,"USS Ramirez, FPO AA 47380"
90,Danielle Vincent,gmitchell@example.net,"55683 Owen Spur, Jamesshire, MO 30763"
91,Christian Stewart,baileymelinda@example.net,"0463 Shaw Groves Apt. 030, Freyport, NE 52141"
92,Ryan Williams,akrause@example.com,"0817 Knight Mills Suite 576, Jamiemouth, KY 38092"
93,Vanessa Leonard,jeremygrant@example.com,"254 Barbara Flats Apt. 465, Courtneyport, MD 46877"
94,Rachel Jackson,amercer@example.com,"5656 Thompson Parkway Suite 232, Nicholeburgh, AR 58242"
95,John Frederick,coxjames@example.org,"531 Cook Flats, South Danielleside, WY 77130"
96,Mary Stark,kristenrobertson@example.com,"082 Taylor Land Suite 918, Melissachester, LA 59982"
97,Dr. Nicole Gonzales,michele67@example.com,"44730 Johnson Run Apt. 621, Andreahaven, ND 57515"
98,Cheryl Lee,stephanie98@example.net,"34394 Porter Stream Apt. 163, West Kiara, MA 75558"
99,Norma Edwards,russelldaugherty@example.net,"48005 Sims Flats, Wilcoxfurt, PR 58229"
100,Amy Hill,uolsen@example.net,"6913 Adrian Falls, East Ellenburgh, MH 78522"
101,Dennis Jones,wesley65@example.org,"PSC 4056, Box 1444, APO AP 01305"
102,Leslie Hester,marygutierrez@example.com,"43935 Virginia Throughway Suite 290, Jamesfurt, MI 62644"
103,Stacy Scott,michelle26@example.com,"952 Craig Gateway Apt. 627, Vegaton, NC 16969"
104,Diane Crawford,debraschneider@example.com,"318 Smith River Suite 704, East Joannafort, NV 67583"
105,Katie Webb,yhenry@example.org,"711 Dylan Meadows, Annebury, NJ 28151"
106,Frank Turner,kayleebraun@example.com,"USNS Hernandez, FPO AE 76756"
107,Stephanie Young,jamesgibson@example.com,"28554 Mark Corner, Lake Kristenfort, MP 43135"
108,Arthur Fernandez,robertomcneil@example.net,"5348 Robin Knoll Apt. 377, Andrewview, HI 49903"
109,Christopher Scott,ubruce@example.net,"6248 Michael Burgs, Jonesfurt, HI 16690"
110,Martha Smith,dylancox@example.org,"71168 Keller Forge Suite 878, West Joseph, ND 67136"
111,Chad Patterson,ashley77@example.net,"42217 Justin Meadows Suite 122, Houseton, PW 84623"
112,Randy Hernandez Jr.,herreraevelyn@example.net,"36313 Barron Roads, North Teresafurt, VA 88120"
113,Teresa Williams,suemoore@example.org,"PSC 2585, Box 3888, APO AE 90506"
114,Lindsay Johnson,andreawilliams@example.com,"417 Rodriguez Harbors Suite 220, West Patriciaton, OR 13981"
115,Deborah Bates,kylewilliams@example.com,"856 Paige Summit Apt. 197, Wardside, MP 13058"
116,Stephanie Harris,baileyjonathon@example.org,"769 Cherry Alley, Lopezborough, VA 68340"
117,Heather Fowler,rmadden@example.net,"408 William Extension, North Steven, TN 19334"
118,Melissa Martinez MD,anthonymeadows@example.com,"PSC 4218, Box 5710, APO AE 70752"
119,Timothy Moody MD,shannonwilliams@example.org,"00618 Wood Course Apt. 998, Brandtbury, VT 41786"
120,Annette Baldwin,turnerbrian@example.net,"3172 James Roads Suite 867, Hannahside, ND 69679"
121,Cindy Johnson,yjohnson@example.org,"Unit 0977 Box 9927, DPO AE 19918"
122,Sarah Nichols,michael55@example.com,"45464 Jonathon Forks, New Kurt, AS 52300"
123,Tara Saunders,ltownsend@example.org,"6827 Rachel Trafficway, Tarafurt, AS 85614"
124,Dwayne Ortega,hugheskara@example.com,"89021 Mark Rue Apt. 517, Danielfort, IA 12647"
125,Beth Cain,haasemily@example.net,"162 Walker Locks Suite 291, New Nancyland, KY 73007"
126,Jeffrey Rogers,chad03@example.net,"747 Martinez Divide Suite 245, Patrickton, SD 06340"
127,Karla Rogers,shelley89@example.net,"504 Graham Points Apt. 768, Michaelchester, NE 68192"
128,Brandon Jackson,tina60@example.net,"128 Roger Mills Apt. 890, North Kathyland, ND 55581"
129,Kevin Jackson,reedpamela@example.org,"55106 Daniel Village Suite 807, North Markhaven, ID 66379"
130,Elizabeth Cohen,elizabethjenkins@example.org,"237 Karen Green Apt. 316, New Angela, AZ 82729"
131,Carolyn Wood,oburnett@example.org,"7298 Joseph Radial Suite 685, South Diane, PW 73911"
132,Vanessa Johnson,julie01@example.org,"2427 Sullivan Ports, East Debraborough, TN 25687"
133,Alison Wilcox,waynemiller@example.com,"24481 Jerome Parkway, East Ryanbury, SC 88470"
134,Alex Fuentes,jessica64@example.org,"USNV Hunt, FPO AE 18785"
135,Kara Harris,rachelgarcia@example.com,"7207 Harper Meadows, East Patrick, MH 12779"
136,Misty Wade,vasquezkevin@example.org,"65633 Harris Stream, Dorothyview, MP 38810"
137,Priscilla Forbes,christopher07@example.org,"3924 Shaw Unions Suite 712, Dawnview, MO 68908"
138,Briana Blanchard,upratt@example.net,"828 Rogers Pine Suite 562, West Robert, IL 17604"
139,Mrs. Lisa Davis MD,jpayne@example.org,"PSC 6314, Box 0160, APO AE 44507"
140,Kenneth Green,wmiller@example.org,"138 Navarro Cliff, Snyderland, AR 77082"
141,Megan Simpson,dfreeman@example.com,"6592 Davies Way, Port Erinbury, AR 72684"
142,Mr. George Mcintosh,brenda47@example.com,"USS Henderson, FPO AP 12677"
143,Blake Woodard,shelby70@example.com,"609 Lisa Bypass Suite 985, New Joshualand, MH 97299"
144,Janice Jenkins,kpruitt@example.net,"364 Garcia Estates Apt. 088, Kristinburgh, TN 36182"
145,Dennis Fox,sean98@example.org,"6784 James Underpass, West Karenmouth, MO 30601"
146,Gerald Griffin,jeffrey48@example.net,"6776 Shane Summit Suite 362, Lake Ryan, AL 15163"
147,Carl Wright,qpitts@example.net,"63889 Monica Crescent, Lake Patricialand, IA 84594"
148,Joann Bailey,sdavis@example.net,"140 Lyons Locks, East Robert, VI 55981"
149,William Mendez,zdixon@example.org,"8722 Rice Lodge Suite 626, Kristinfort, MH 77518"
150,Ronald Morales,ofitzgerald@example.org,"5937 Griffin Common, North Melissaville, OR 80784"
151,Christopher Lucas,barronangela@example.net,"27119 Tara Tunnel Suite 125, Williamshaven, RI 75531"
152,James Taylor,smithcarol@example.net,"14198 Willis Row Apt. 770, Allisonport, DE 27005"
153,Katherine Cooper,michelle25@example.com,"151 Mark Isle Suite 810, East Edward, MA 36413"
154,Linda Rivera,kmiller@example.net,"17355 Morse Field, Jeanetteville, WA 87619"
155,Shawn Holt,george41@example.com,"166 Carol Expressway, Port Justin, HI 47800"
156,Kenneth Mays,eschroeder@example.com,"00161 Carroll Plaza, North Colleenville, IA 07078"
157,Thomas Klein,fulleralexander@example.com,"1492 Robbins Tunnel Apt. 333, Harrisborough, IA 98322"
158,Jamie Garcia,opowers@example.com,"153 Christina Port Suite 438, Banksville, AZ 25472"
159,Ariel Jackson,theresaneal@example.com,"8061 Carrie Field, New Lisa, SD 23017"
160,Jessica Ford,shannon54@example.org,"PSC 9641, Box 5891, APO AA 54183"
161,Karina Perry,curtis05@example.com,"348 Bailey Estate, Lake Michael, PA 35772"
162,David Anderson,vburton@example.net,"644 Jose Views Apt. 766, West Theresaberg, OH 20036"
163,Cody Walker,karenvega@example.net,"82079 Bryan Drive, Lake Lorraineport, PA 05135"
164,Christina Carney,sawyerbeverly@example.net,"8430 Nathaniel Way, North Crystal, WV 49303"
165,Cynthia Wright,cnorris@example.net,"878 Austin Cliffs, North Jesseside, IN 94265"
166,Amanda Bryant,williamgeorge@example.org,"72153 Hayes Square, Nancyburgh, RI 39015"
167,Sue Oneill,derek15@example.net,"89313 Meza Road Apt. 215, New Michellemouth, WA 16713"
168,Leah Clark,robert07@example.net,"1499 Salazar Springs Suite 780, Carrollshire, MA 92438"
169,Paul Lloyd,yesenialewis@example.org,"678 Lisa Locks Suite 514, Singhberg, MS 53765"
170,William Cabrera,susan37@example.com,"3912 Lopez Fall Suite 880, North Stephenhaven, SC 01203"
171,Erica Miller,sbell@example.net,"107 Jay Rest, Port Lisafurt, LA 14011"
172,James Sutton,kimberly91@example.org,"PSC 9665, Box 5101, APO AP 98547"
173,Brandi Douglas,kathryn24@example.net,"111 Phillip Trail Apt. 112, North Christopher, VT 15367"
174,Luis Hernandez,bradleytyler@example.org,"7946 Jeffrey Square Suite 354, Jonestown, LA 64563"
175,Melissa Phelps,scottjohnson@example.net,"840 Debra Route Apt. 025, Thomasport, ME 80668"
176,Julia Clark,kristen68@example.org,"2856 Monroe Forest Apt. 787, Thorntonhaven, MD 79442"
177,Justin Maxwell,katherine06@example.net,"6412 Tate Gardens, Prattport, AL 41129"
178,Cameron Franklin,burkeveronica@example.org,"19729 Trujillo Isle Suite 262, New Edwardtown, WV 99708"
179,Denise Johnson,raymond75@example.com,"470 Martha Crossing Apt. 902, Port Loganbury, PR 83655"
180,Brian Rush,fjennings@example.net,"6885 Brian Vista, Willisside, RI 80644"
181,Trevor Ryan,vincenthernandez@example.net,"206 Dunn Rapid Apt. 246, West Justin, WA 04651"
182,Lori Cherry,peterhicks@example.com,"31976 Rodney Viaduct, Cruzside, MS 34086"
183,Amanda Becker,awarren@example.net,"61371 Lauren Villages, Ramirezborough, CO 52354"
184,Justin Caldwell,yware@example.org,"6618 Brown Station Suite 081, Eduardoburgh, NC 03012"
185,Steven Armstrong,ghuynh@example.net,"2948 Simmons Run, North Tamarafurt, UT 98683"
186,Laura Porter,tsuarez@example.net,"27410 Frank Groves Suite 154, Lake Jeffery, OR 21585"
187,Mary Elliott,brandon82@example.com,"0591 Williams Corner, North Teresa, MD 03033"
188,Chad Cooper,moorejason@example.net,"0609 Michelle Squares, Hallborough, GA 72219"
189,Rebecca Sharp,ysullivan@example.net,"49629 Chloe Manor, Lake William, SC 15609"
190,Sheryl Fox,deanmelissa@example.net,"PSC 1829, Box 0194, APO AA 22819"
191,Carol Daniels,gomezangel@example.com,"9302 Mendoza Pike, Vincentport, NH 24183"
192,Michelle Burns,joycebennett@example.com,"2450 David Wall Suite 006, North Carl, MO 63503"
193,Charles Moore,chase30@example.org,"703 Terri Trail, Allenville, LA 81770"
194,Frances Kemp,nelsoncheryl@example.com,"819 Bennett Wall, Diazside, WA 95935"
195,Jeffrey Lewis,douglasjoshua@example.net,"5291 Collins Springs, Port Leslie, MA 89056"
196,Robert Peterson,hoganheather@example.net,"413 Johnson Mountain Apt. 183, Lorifurt, GA 05475"
197,Holly Guerrero,rhardin@example.net,"38733 Meghan Lakes Apt. 901, Port Katherinemouth, FL 61997"
198,Alyssa Shepherd,karenmartinez@example.com,"26030 Samuel Stream Suite 338, South Cynthiaside, TN 83222"
199,Chad Chandler,hhensley@example.net,"0956 Tyler Mill Apt. 290, Lake Alexmouth, AR 60074"
200,Matthew Rollins,harpershelby@example.org,"59150 Gina Junction Apt. 183, Erinstad, AK 20904"
201,Meghan Brock MD,timothy60@example.net,"PSC 7435, Box 9504, APO AA 39514"
202,Julie Hayden,brendagolden@example.org,"12464 Douglas Cliff Apt. 935, Robinsonport, CT 53123"
203,Kenneth Wise,melissagarza@example.org,"948 Andrew Land, Villarrealside, WV 57882"
204,Rebecca White,dnguyen@example.org,"6326 Brianna Trail Suite 859, West Jonhaven, VA 84609"
205,Eric Brewer,foleymichael@example.org,"7137 Cohen Skyway, New Jamesshire, LA 37533"
206,Steven Melendez,timothyburke@example.org,"232 Smith Trace Suite 398, Port Allisonbury, MN 65113"
207,Brian Lee MD,ghuerta@example.org,"8918 Steven Cliff, New Jenniferburgh, OR 07472"
208,Tiffany Shields,shannon57@example.com,"798 Stacy Fields, Smithfort, KY 02957"
209,Timothy Norton,andreafisher@example.org,"3776 Blackburn Circle Apt. 422, Brandonton, NC 32068"
210,Kimberly Flynn,davidburgess@example.org,"709 Jesse Spur, Devinfurt, MO 62150"
211,Samuel Haynes,santosdanielle@example.com,"73344 Kevin Port Suite 083, Annaport, NY 46602"
212,Casey Lopez,csmith@example.com,"542 Robin Course, North Madison, WY 76530"
213,Ryan King,taylorbridges@example.com,"0232 Kevin Walk Apt. 861, Maryhaven, NV 21232"
214,Matthew Tanner,lhart@example.org,"944 Adams Flats, Port Andrewport, IL 12775"
215,Kristen Herrera,gduncan@example.org,"4763 Williams Plains Apt. 196, Port Rose, NC 22751"
216,Jason Compton,xsoto@example.org,"08190 Edward Estate Apt. 250, North Robinburgh, ME 59891"
217,Michael Lynch,ssmith@example.net,"099 James Stream, Garcialand, WV 44805"
218,Leslie Vincent,blarson@example.org,"81282 Carmen Ville, Angelaport, LA 02003"
219,Jessica Floyd,lisamcdonald@example.org,"4648 Mike Summit Apt. 687, Lynnside, FM 27503"
220,Angela Phillips,mooredominic@example.net,"0241 Michael Center Apt. 107, Kingville, IA 50815"
221,Amber Cox,jane02@example.net,"415 Gregory Springs, Millertown, GU 54816"
222,Victor Williams,wneal@example.org,"5966 Atkins Ranch Suite 808, New Alyssa, FL 16656"
223,Kimberly Morales,crystalallen@example.com,"3860 Reed Turnpike Apt. 525, South Erikamouth, WI 17633"
224,Michael Thompson,stephenclark@example.org,"6375 Richard Radial, Hunterfurt, AR 58463"
225,Joel Arnold,matthewharris@example.com,"745 Cindy Turnpike Suite 680, Port Thomas, PW 67435"
226,Kaylee Cervantes,michellemitchell@example.com,"8472 Joseph Well Apt. 045, New Debramouth, MO 89310"
227,Summer Riley,hlester@example.com,"1645 Donna Bypass Apt. 962, Jacobberg, LA 49126"
228,Christopher Brown III,maxwelljeffrey@example.com,"9178 Stephens Neck Suite 417, Port Micheleport, ME 40459"
229,Pamela Hull,mannjason@example.com,"9753 Cheyenne Parkway, Terryhaven, PW 01010"
230,Jessica Nash,dianamorton@example.com,"41829 Nicholas Mission, Grahamfurt, MA 14198"
231,Benjamin Hamilton,ohobbs@example.org,"USCGC Doyle, FPO AP 18519"
232,Erik Burton,kshannon@example.com,"6437 Timothy Lock Suite 801, Port Stephanie, PA 03256"
233,Ashley Brown,adrianharris@example.net,"8966 Roman Crescent, Rachelville, MP 48184"
234,Anthony Ball,santoschristopher@example.org,"PSC 9734, Box 6964, APO AP 70307"
235,Erin Rosario,robertclayton@example.org,"977 Smith Causeway, Raymondfort, MI 14357"
236,Carlos Ramirez,jeffrey67@example.net,"PSC 4314, Box 4436, APO AP 58198"
237,Sandra Carr PhD,vtate@example.com,"0903 Pope Summit Suite 720, West Sarahborough, NV 10804"
238,Sara Hayes,bguerra@example.net,"91294 Daniel Glens Apt. 036, Johnsonfurt, WA 93025"
239,Emily Holmes,michele25@example.org,"5676 Whitehead Port Apt. 814, Berryview, NJ 62308"
240,Brittany Berry,lisa02@example.com,"6285 Rebecca Hollow Apt. 809, Stevenshire, IA 59671"
241,Mrs. Susan Moore DVM,matthewholloway@example.net,"467 Jonathan Glens Suite 780, North Laura, KS 09254"
242,Thomas Allen,christine34@example.org,"5983 Moore Mountains, East Benjamin, OR 17545"
243,Ashley Dudley,christina73@example.net,"803 Mark Village, Jonestown, FM 98767"
244,Collin James,spencer29@example.net,"00157 Wood Walks Apt. 320, Timothyberg, AR 02034"
245,Kim Wright,lesliegutierrez@example.com,"2517 Wong Courts Suite 085, Lake Johnfurt, AL 96211"
246,Sylvia Harper,randallvega@example.org,"748 Sullivan Estates Apt. 809, New Ericton, MP 61625"
247,Mary Marquez,ileon@example.com,"404 Smith Shore, Hamiltonfort, SC 44117"
248,Michael King,dominique80@example.com,"65058 Linda Fords, East Trevorland, PA 11079"
249,Taylor Jackson,maryscott@example.net,"103 Colon Trail Suite 677, Harrisbury, MT 62869"
250,Dawn Castro PhD,ylee@example.org,"Unit 0688 Box 8781, DPO AA 74453"
251,Carol Thomas,nicholas20@example.net,"86937 Misty Drives Suite 385, Jamesport, MI 84495"
252,David Schmitt,tracy05@example.com,"1905 Ashley Drive, South Chadport, OH 66205"
253,Richard Simon,douglascarlos@example.net,"5513 White Trace Suite 688, Port Danielmouth, KY 29478"
254,Spencer Hill,javiercooper@example.com,"1421 Thompson Villages, West Andrew, MD 69945"
255,Daniel Mcgrath,tapiajenny@example.net,"2894 Lewis Greens Apt. 653, Cindyshire, SC 88239"
256,Jeffrey Williams,ryanstuart@example.com,"047 Jamie Knoll, Michaeltown, NE 12507"
257,Jacob Davis,hbean@example.net,"261 Peterson Valleys Apt. 223, Williamsonborough, RI 11433"
258,Laura Fleming,johnwright@example.net,"782 Johnson Way Suite 125, East John, MT 20823"
259,Shawn Montoya,kimberly42@example.net,"USS Thompson, FPO AA 04339"
260,Robert Acevedo,robert54@example.com,"29467 Hernandez Drives Suite 756, South Laurieville, ND 17028"
261,Brittany Bennett,xmendoza@example.com,"6987 Parsons Pass, Calebfurt, NY 41989"
262,Corey Stark,sandraowen@example.org,"97776 Ann Prairie, Haasland, ND 77936"
263,Michael West,lnguyen@example.net,"01740 Fuentes Club, North Jamesfort, NV 22176"
264,Curtis Chan,fjohnson@example.com,"918 Miller Roads Suite 280, East Kristi, WA 66722"
265,Margaret Martinez,fredericknicholas@example.net,"PSC 7110, Box 6872, APO AE 73791"
266,Jimmy Curry,choirobert@example.net,"3787 Lynch Route Suite 179, West Antonioborough, IN 73144"
267,Darrell Powers,kleinmichael@example.com,"705 Harris Drive Apt. 149, West Katie, WI 40292"
268,Emily Smith,adamberg@example.org,"3633 Acevedo Meadows Suite 587, South Cherylmouth, IA 35995"
269,Stephanie Meyer,williamsann@example.com,"38172 Hall Haven, Deantown, SC 77141"
270,Lisa Brooks,turnerteresa@example.org,"9787 Courtney Mountains Suite 112, Dannymouth, MS 78727"
271,Amanda Jones,apollard@example.org,"1210 Porter Roads Apt. 375, Harrisland, MI 26845"
272,Jonathan Bowman,osmith@example.com,"76390 Long Landing, Amyton, UT 71315"
273,Matthew Johns,ltrujillo@example.org,"02997 Nguyen Isle Suite 789, Port Nicholeberg, DE 72568"
274,Bruce Cox,mlloyd@example.com,"304 Jennifer Center Apt. 610, South Jason, MI 25151"
275,Anna Herrera,taylor26@example.com,"2607 Jessica Street Suite 601, Lake Sabrina, AL 54036"
276,Natalie Wilson,xwells@example.org,"732 Penny Prairie Apt. 696, Annefurt, NV 30422"
277,Laura Sanchez,carpenterbrianna@example.net,"50714 Smith Villages, New Aaron, PA 17839"
278,Brian Meyer,andrewpeck@example.com,"97829 Jones Burgs, Simpsonland, AR 78928"
279,Linda Hernandez,jimmy36@example.com,"9997 Samuel Inlet Suite 636, Port Colin, NE 24218"
280,Lori Smith,xsmith@example.net,"48943 Jerry Square, East Meghanborough, NC 84739"
281,Rhonda Flynn,michaelholt@example.com,"20424 Jacob Vista Suite 740, South Patrick, HI 28716"
282,Katie Hancock,hreed@example.org,"PSC 0183, Box 9567, APO AP 53505"
283,Kathleen Scott,jamesglover@example.org,"6163 King Square Suite 708, Reneefurt, SC 67150"
284,Lisa Perry,pruittrebecca@example.com,"7825 Williams Glens, Mariomouth, FL 44613"
285,Gloria Simpson,victor94@example.net,"918 Lisa Manor Suite 780, Taylorstad, PR 28687"
286,Susan Nguyen,josephlewis@example.org,"4733 Melissa Orchard Suite 697, Arnoldshire, UT 81340"
287,Felicia George,kevin62@example.org,"49764 Corey Rapid Apt. 455, Port Jonathan, IA 85090"
288,Crystal Drake,hnelson@example.com,"822 Kevin Squares Apt. 434, Amandamouth, PR 85597"
289,Holly Glass,williamsbrooke@example.net,"7466 Michael Green Suite 667, Port Daniel, MA 23717"
290,Kara Baker,clairelawson@example.net,"44525 Williams Pass Apt. 142, Millerport, WA 81627"
291,Sydney Miller,rhondamarshall@example.net,"37015 Joshua Harbors Apt. 645, New Michaelland, PA 83992"
292,Ronald Macias,cspencer@example.net,"0773 Dennis Flat, Mitchellmouth, SC 16748"
293,Mr. Darren Black DVM,dianerasmussen@example.org,"24814 Joseph Lane Apt. 143, South Travis, NE 37651"
294,Anne Sanders,whitevictoria@example.net,"6434 Kevin Plaza Suite 169, Christophershire, FL 02453"
295,Sandra White,kennethjohnson@example.com,"USNV Blake, FPO AP 17015"
296,Alison Anderson,carol21@example.net,"242 Ricky Port, Lake Jennaberg, HI 48137"
297,Mr. Clinton Armstrong,kelly74@example.net,"Unit 6427 Box 4862, DPO AE 93619"
298,Jesus Chapman,ivaughn@example.org,"507 Francis Shores, Traceyshire, MD 53874"
299,Tabitha Young,sheppardscott@example.com,"22101 Mitchell Ville Suite 103, Rhondaland, NY 76749"
300,Nicole Zimmerman,hillpamela@example.com,"81273 Hamilton Stravenue, Rossland, PR 40051"
301,Donna Brown,bporter@example.net,"88170 Christopher Parkway Apt. 361, West Brianmouth, ND 34182"
302,Julie Barron,michellearias@example.net,"66960 Javier Gardens, Scottbury, MI 92604"
303,Jennifer Allen,tiffany39@example.org,"227 Erickson Route Suite 187, East Vanessa, PR 05882"
304,Jackie Christian,hodgeanne@example.net,"5928 Mcclure Light, West Misty, MS 24860"
305,Amanda King,porterrodney@example.net,"169 Steven Lakes Apt. 717, East Fredchester, DE 14175"
306,Taylor Carter,laurie81@example.net,"043 Thompson Groves Apt. 604, Port Michael, WA 36665"
307,James Miller,michaelharris@example.org,"955 Gonzalez Forks Apt. 961, Russellville, HI 73079"
308,Katherine Smith,pvasquez@example.org,"290 Andrea Lakes Suite 402, Lake Steven, NH 60999"
309,Mrs. Kendra Jones,taylormatthew@example.com,"5111 Sherri Loop, Lisaberg, AS 03487"
310,Stacie Valencia,timothyperez@example.com,"49793 Sanchez Parks Suite 335, Lake Michaelville, PW 29643"
311,Maria Wright,kevinlawson@example.com,"1446 Myers Plaza, North Charlotte, MH 48872"
312,Dawn Wilcox,jose77@example.com,"832 Emily Spur Suite 290, Cooperberg, FL 74630"
313,Pamela Wright,mary88@example.org,"28720 Cynthia Square, Fisherbury, UT 94496"
314,Megan Tran,victorcrane@example.com,"321 Obrien Avenue, Julietown, IA 61637"
315,Cody Simpson,ellisjason@example.com,"02131 Tracy Fall, Mullenmouth, CO 58126"
316,Michael Weaver,vjohnson@example.net,"5939 Thompson Roads Suite 808, Danaville, DC 95178"
317,Dana Johnston,wmoore@example.com,"Unit 4250 Box 6540, DPO AE 93023"
318,Angela Roberts,hardindouglas@example.org,"055 Dunlap Way Suite 847, South Julianstad, MS 37500"
319,Adam Harper,david44@example.org,"3115 Smith Plaza Apt. 723, East Jennifermouth, NM 14306"
320,Eric Henderson,wholmes@example.com,"49709 Hicks Estate Apt. 930, Lake Phillipville, LA 39627"
321,James Harrington,thompsondana@example.net,"Unit 9911 Box 2554, DPO AE 43700"
322,Debra Alvarez,lisa14@example.net,"3047 Barker Mountains, Port Keithfort, KS 49627"
323,Michael Robinson,hernandezedward@example.org,"880 Patrick Walk Apt. 881, North Anthony, CT 49085"
324,Christopher Beasley,nancy14@example.com,"3049 Shaw Knoll, North Tammy, GU 41784"
325,Emily Carey,dustin62@example.com,"51502 Curtis Junctions Apt. 509, East Dawnland, MP 11210"
326,Jennifer Duran,vdurham@example.net,"Unit 6951 Box 4871, DPO AA 66289"
327,Robert Myers,codyblair@example.org,"USS Harris, FPO AE 77971"
328,Ivan Lewis,ricemegan@example.net,"Unit 1971 Box 0008, DPO AE 86039"
329,Phillip Morgan,ejones@example.org,"898 Thomas Mill, South Debbie, AR 53214"
330,Stanley Richardson,scott94@example.org,"592 Victoria Locks Apt. 289, New Chloeview, MA 45605"
331,Lisa Garrett,pearsonmargaret@example.net,"USCGC Thompson, FPO AA 77700"
332,Dustin Williams,ivan31@example.com,"640 Bryce Points, Garciaborough, VA 64208"
333,Geoffrey Douglas,madeline10@example.com,"9065 Jason Spring Apt. 064, West Joseph, DE 68790"
334,Dennis Evans,douglasbell@example.com,"4720 Lee Mountains Apt. 294, Sandovalberg, MS 70786"
335,Mr. Philip Pham,perezrichard@example.org,"77189 Gregory Villages, Romeroview, PW 27348"
336,Brian Anthony,ismith@example.com,"5738 Li Drive, Michaelfort, IN 80545"
337,Michael Jones DDS,brosales@example.com,"8684 Bowers Loop Apt. 004, South Nicholashaven, MA 86399"
338,Courtney Miller,kelleyadam@example.com,"USNS Williams, FPO AE 70189"
339,Larry King,jacksonjessica@example.org,"7529 Mcdonald Village, West Gregoryton, TN 01384"
340,Sara Sullivan,vflores@example.net,"247 Randolph Mission Suite 723, West Grace, DE 98016"
341,Peter Marshall,morrisjoe@example.org,"784 Williams Course, Marissaview, WI 69913"
342,Philip Harrison,bowmannicole@example.net,"191 Love Circle Suite 046, North Daniel, ID 69380"
343,Mr. Michael Booker,williamsjasmine@example.net,"349 Benson Ways Apt. 086, Brownstad, NM 51600"
344,Fernando Stafford,benderelizabeth@example.net,"893 Moreno Common Suite 448, South Kathrynville, MI 35622"
345,Matthew Neal,cooperlynn@example.com,"952 Jonathan Landing, Mahoneyhaven, MN 43897"
346,Jeffrey Robertson,donna16@example.org,"PSC 2221, Box 6929, APO AA 27345"
347,Brandon Lewis,brandon60@example.org,"105 Nancy Mountains, Sweeneyfurt, TX 42445"
348,Amy Massey,angela28@example.com,"875 Daniel Street, South Ericside, OR 00791"
349,David Garza,marybeasley@example.net,"02758 Kara Place, Russelltown, UT 44619"
350,Steven Ward,kheath@example.com,"96832 Rodriguez Meadows, Stephanietown, CT 22792"
351,Mark Conner,avilamichael@example.net,"61400 Haas Course, Nicholsmouth, MH 15584"
352,Rhonda Dodson,leah48@example.org,"1501 Johnson Unions, Moranside, AR 45795"
353,Jennifer Cooper,halltheresa@example.net,"3206 Boyd Tunnel, New William, OK 81943"
354,Dylan Williamson,adamsantiago@example.org,"13322 Jackson Fields Apt. 027, Lake Greg, UT 32096"
355,James Williams,joannflowers@example.net,"693 Rivera Junction Apt. 154, Hansonmouth, ME 96090"
356,Blake Fisher,sdavis@example.org,"032 Jones Forest, South Krystalberg, VT 73402"
357,Michelle Cherry,dallen@example.net,"646 Elizabeth Club, Wyattport, HI 56391"
358,Julie Serrano,goodwinjamie@example.org,"447 Raymond Neck, West Angela, KY 74236"
359,Nicholas Palmer,lawsonjon@example.net,"116 Caitlin Pike Apt. 190, Michaelville, DE 71889"
360,Jennifer Wise,rodney80@example.net,"99000 Roberts Crest, Port Jessechester, IL 28535"
361,Michael Skinner,michael95@example.org,"04128 Jackson Isle Suite 938, New Bethton, GA 60989"
362,Sarah Lynch,andrew59@example.org,"64700 Allen Isle, Stevenmouth, AL 40089"
363,Charles Oliver,erikajackson@example.net,"687 Rios Cliff, West Normaborough, OR 37721"
364,Joseph Patterson,ybell@example.com,"9411 Henry Loaf Suite 778, Westborough, FM 65280"
365,Jennifer Hicks,jdiaz@example.org,"630 Brown Prairie Suite 901, East Amandachester, FL 21728"
366,Michael Turner,peggy93@example.net,"841 Maria Throughway, West Michaelfort, NY 47124"
367,Joshua Petty,mccarthystephanie@example.net,"206 Francisco Knolls, Port Heatherport, WV 40771"
368,Richard Huff,matthew41@example.com,"12423 Pace Hollow, Hernandezmouth, CO 09129"
369,Tina Noble,babbott@example.net,"9829 William Hill Apt. 367, Callahanfurt, MN 59609"
370,Ashley Romero,yolandalarson@example.com,"9564 Cruz Camp Apt. 216, Burgessshire, NM 51546"
371,Tyler Flores,robertsnicole@example.org,"96984 Joseph Pines, North Lisa, NV 57503"
372,James Griffith,cprice@example.com,"765 Smith Ferry Apt. 668, South Austin, NM 45001"
373,Jared Thompson,griffinnancy@example.net,"PSC 7414, Box 5383, APO AE 87271"
374,Sandra Morales,michael86@example.com,"66451 Darren Fork, Jeanbury, SD 62778"
375,Taylor Drake,mercedestaylor@example.org,"PSC 1541, Box 8310, APO AA 37900"
376,Carol Miller,jonesjerry@example.com,"85504 Lee Junction, West Marcusburgh, MI 66676"
377,Erika Howard,ericdennis@example.net,"1398 Michael Junction Apt. 400, Perezville, DE 84311"
378,Kendra Ford,chavezmargaret@example.org,"Unit 5683 Box 9226, DPO AA 62082"
379,Elizabeth Gonzalez,nelsonjulia@example.net,"03916 Smith Lock Suite 609, Susanfort, NE 90055"
380,Kyle Hooper,mckeetina@example.net,"27349 Gonzalez Spring Apt. 418, Stewartton, KY 06212"
381,Collin Dickson,sharpwilliam@example.com,"55528 Rivera Spur, Lake James, WY 50607"
382,Robert Campbell,samantha01@example.net,"4553 Bender Villages, West Katherineburgh, WY 19539"
383,Amanda Fleming,jason21@example.com,"USNS Ball, FPO AE 10868"
384,James Green,mathewswendy@example.com,"91692 Lance Gardens, East Suzanne, VI 45074"
385,Laura Brown,garymurphy@example.com,"091 Morris Crossroad, Adamhaven, MO 23711"
386,Amber Greene,mccannlisa@example.org,"682 Wolfe Plaza, East Rebecca, HI 61726"
387,Anita Carter,daniellelong@example.com,"48779 Renee Harbor Apt. 624, New Robertville, SC 90783"
388,Robert Davis,lmichael@example.net,"1917 Michael Shoal, Evansborough, ME 41382"
389,Chad Fowler,lisahernandez@example.net,"563 Stacey Vista Suite 473, Martinchester, PW 42454"
390,Roberta Payne,jenniferclay@example.org,"69226 Katherine Centers, Haileystad, AR 46246"
391,Alexis Ramirez,cescobar@example.net,"495 Stephen Forge Apt. 977, West Katherine, ME 01638"
392,Jason Stout,lindacole@example.org,"Unit 2263 Box 2229, DPO AA 81935"
393,Brandi Sanchez,ruben18@example.net,"028 Perez Forks Suite 904, Port Monica, VA 73638"
394,Garrett Lewis,fjohns@example.com,"1520 Oliver Center, North Laurafort, CO 81740"
395,Karen Carroll,fperry@example.net,"62996 Tammy Mission, New Michelle, ME 19527"
396,Michael Anderson,msheppard@example.net,"98075 Cunningham Rest, Lake Debra, MT 32605"
397,Heather Yoder,erikvance@example.net,"5732 Jill Overpass, Michelleberg, IA 10157"
398,Victoria Chavez,chadbrock@example.org,"2211 Tara Avenue, South Belinda, ND 15188"
399,Kathryn Gardner,blake52@example.com,"321 Wilkerson Manor, Randolphstad, AZ 45902"
400,Erin Burton,tylerhayes@example.org,"2998 Dennis Lodge, New Elizabethchester, AZ 51084"
401,Cheryl Guerrero,christopher99@example.com,"055 Katrina Mall, New Samantha, WI 03478"
402,Miranda Daniel,jennifersalinas@example.com,"893 Kemp Walk Suite 486, South Curtis, MN 08237"
403,Debra Bond,isoto@example.org,"863 Michael Plains, Port Lukemouth, MO 19095"
404,Brian Brooks,jamesestrada@example.com,"648 Natalie Via, Morganburgh, NH 13689"
405,Donna Clark,alvarezedward@example.com,"PSC 4091, Box 9444, APO AE 43618"
406,Jeffrey Waters,emoreno@example.org,"403 Ryan Ways Apt. 256, Lake Crystalville, MA 47143"
407,Alisha King,seanrobertson@example.org,"99231 Mary Lodge Apt. 654, Port Glennshire, MH 30843"
408,Jennifer Kline,crystalruiz@example.org,"Unit 3009 Box 7229, DPO AE 92794"
409,Victoria Rice,swansonleslie@example.com,"18161 Cook Ports Apt. 643, Christianfort, MD 20408"
410,John Poole,tina93@example.org,"98120 Kenneth Trace, Robertsonbury, SC 52678"
411,Stephanie Jordan,amy10@example.org,"PSC 3579, Box 1980, APO AP 31766"
412,Shelby Valencia,jennifer53@example.net,"82596 Pittman Causeway Suite 625, Port Mitchellchester, PR 36558"
413,Kevin White,kristenlewis@example.net,"95542 Robert Lake, Thomasburgh, FL 39923"
414,Aaron Stewart,vpatton@example.org,"704 Teresa Vista Suite 953, Davisshire, NC 05029"
415,Michelle Wood,biancaclay@example.com,"53093 Dawn View, Myerstown, AL 62825"
416,Denise Mccoy,luis74@example.org,"523 Bray Track, New Jameschester, UT 35276"
417,Selena Lee,kedwards@example.net,"90458 Sanchez Plain Suite 577, Lake Megan, NE 32054"
418,Toni Smith,cball@example.org,"126 Eugene Springs, Christianburgh, IN 56423"
419,Alec Howe,lnelson@example.org,"466 Dana Wall, Port Patricia, OK 29520"
420,Jennifer Chapman,dwatts@example.net,"216 Virginia Shoal Suite 622, New Shelbyport, CA 24632"
421,Melanie Blair,ericaweiss@example.org,"55415 Randy Ville Apt. 688, Melendezmouth, MD 97378"
422,Benjamin Miller,fwilliams@example.net,"377 Melissa Rue Suite 795, South Geoffrey, PR 02586"
423,Thomas Jones,rebecca65@example.org,"92008 Harrington Mews, Jamiebury, SD 93859"
424,Valerie Baker,gomezsamuel@example.net,"55209 Griffin Highway, South Derek, IA 31978"
425,Allison Simpson,nosborn@example.org,"Unit 1313 Box 8206, DPO AA 12259"
426,Daniel Gray,kmayer@example.org,"629 Patricia Lake Suite 902, South Kristina, GU 66521"
427,Jessica Townsend,wilsonlouis@example.org,"USNV Gonzales, FPO AA 36193"
428,James Baker,john42@example.org,"Unit 4816 Box 2639, DPO AE 68893"
429,Mr. Cody Mccann,mortonrobin@example.org,"73120 Ross Green Apt. 962, Johnberg, VT 83117"
430,Dustin Parks,dedwards@example.org,"PSC 1427, Box 1882, APO AE 10125"
431,Courtney Bryant,michael34@example.net,"864 Lee Plains Apt. 295, Carrollborough, UT 52629"
432,Ashley Patel,pnelson@example.org,"503 Huffman Lakes Apt. 718, East Amybury, MN 32661"
433,Samantha Garcia,rebeccajacobs@example.net,"892 Willie Falls, Alanmouth, VT 19532"
434,Brian Lee,judyhunter@example.org,"528 Karen Ford, Bondhaven, AZ 91116"
435,Sarah Lewis,zbaker@example.net,"924 Taylor Shore, South Monicaberg, NY 77994"
436,Jamie Thompson,rebecca81@example.org,"2227 Richard Burgs Apt. 278, North Patrickhaven, OR 44360"
437,Brian Ryan PhD,steven65@example.net,"1212 Tran Ridge Suite 746, Heatherfurt, NE 37742"
438,Carol Moore,suzanne33@example.net,"926 Michael Mall, Port Matthewview, PW 99025"
439,David Cole,uchandler@example.net,"315 West Landing Apt. 597, Christopherhaven, VA 41470"
440,Kenneth Garcia,torresdonna@example.org,"57118 Foster Harbor Suite 700, Williamshire, AR 67257"
441,William Pierce,susan96@example.net,"09096 Turner Junction Suite 793, Charleston, MI 32820"
442,Anthony Hall,christophergreen@example.org,"138 Jennifer Flats Apt. 002, Christinaborough, DE 81714"
443,Ariana Lee,michellechavez@example.com,"701 Hale Cliffs, Payneport, MN 89837"
444,Matthew Serrano,cflynn@example.com,"223 Turner Ramp, Lake Sara, GU 96776"
445,Angela Russell,michael48@example.com,"995 Waller Ridge Suite 139, East Daniel, CO 51169"
446,Melissa Bryan,douglas92@example.org,"USCGC Ortiz, FPO AP 11518"
447,Christopher Hernandez,jmartin@example.org,"072 Jason Knoll Suite 589, Lisaville, MH 28586"
448,Tina Simmons,millerjeremy@example.net,"73974 Jacobs Manors, West Ashley, MI 90476"
449,Brittany Carrillo,ylarson@example.net,"19409 Allen Shores, Kellyfurt, KS 90660"
450,Hailey Clay,melissa90@example.net,"62715 Joseph Terrace, New Dakota, NM 19475"
451,Angela Walker,martinezdiana@example.org,"USS Norris, FPO AE 18729"
452,Cameron Davis,tgomez@example.com,"2985 Parker Common Apt. 668, South Tim, UT 07513"
453,Tyler Smith,hrice@example.org,"025 Burnett Keys, Walkertown, WV 65952"
454,Donna Mullins,warneralyssa@example.net,"5564 Vasquez View, North Jeremyfurt, HI 07642"
455,Nancy Dawson,michelle38@example.net,"8472 Jensen Hollow, Port Mark, VI 94015"
456,Rebecca Hansen,armstrongdiana@example.net,"7103 Reynolds Grove Suite 316, Port David, OK 44514"
457,Debra Jennings,robertskelly@example.com,"622 Tricia Trail, Richardfort, ME 62705"
458,Jason Johnson,heather07@example.net,"29651 Sean Union, West Stephanie, CA 55265"
459,Lori Wyatt,dyersheila@example.net,"Unit 7518 Box 0550, DPO AA 47963"
460,Tyrone Griffin,bryantmark@example.org,"35562 Clay Views, Smithview, MT 29470"
461,Nicole Hubbard,brandon55@example.net,"9946 Sarah Row Suite 733, Katrinaborough, UT 14614"
462,Kristen Morales,jacksonjason@example.net,"9246 Patton Plains, East Robert, MS 44680"
463,Victoria Adams,grangel@example.com,"298 Barnes Estate, West Jackie, VT 96081"
464,Charles Anderson,jasonramirez@example.net,"1781 Daniel Row, New Victorshire, TN 07543"
465,Sean Castro,dunlapfrancis@example.com,"747 Baker Union, Luisstad, VA 18174"
466,Shawn Sandoval,smanning@example.org,"488 Martin Oval, Darleneport, MN 76122"
467,Susan Schroeder DDS,jamesburton@example.org,"801 Anthony Roads Suite 341, Ericfurt, LA 63936"
468,Rebecca Spears PhD,douglas47@example.com,"822 Baldwin Drives, Deniseland, NE 64824"
469,Hannah Petersen,stephanie37@example.net,"964 Graham Tunnel Suite 835, South Kendra, MI 22952"
470,Jeremy Fox,christinefox@example.com,"0484 Duke Way Suite 263, Sotoshire, NE 31435"
471,Karen Sanchez,gmoreno@example.net,"5586 Ronald Orchard Apt. 827, Moyerhaven, NC 44485"
472,John Hensley,carol97@example.com,"5947 Phillips Streets Apt. 551, Joelshire, UT 09811"
473,Linda Mcintyre,gregory23@example.net,"98044 Mccormick Expressway Suite 752, New Nancy, KS 29042"
474,Joseph Smith,hartdeanna@example.org,"718 Kennedy Isle Suite 448, North Dana, VT 82474"
475,Melissa Welch,christina58@example.org,"518 Middleton Inlet Suite 087, New James, OK 26068"
476,Jaime Harris,johnsondonna@example.com,"Unit 1915 Box 5258, DPO AE 31540"
477,Colleen Gonzalez,jessicacruz@example.com,"414 Horn Drive, Paulfurt, ID 27996"
478,Kimberly Gilbert,amy13@example.net,"791 Brian Courts Suite 345, Port Christina, NM 97826"
479,Jason Brown,stephen38@example.com,"Unit 4850 Box 9285, DPO AA 91534"
480,Crystal Hicks,tmunoz@example.net,"708 Thompson Meadows Apt. 435, North Jason, PR 30078"
481,Joshua Carter,rhonda73@example.org,"USS King, FPO AP 27521"
482,Sara Green,patrickhaynes@example.org,"14287 Contreras Corners, Port Crystalshire, CT 95821"
483,Andre Fletcher,sarasmith@example.net,"4548 Mason Hollow Apt. 517, Port Elizabeth, MA 62035"
484,Katherine Lyons,rmiller@example.net,"388 Roberts Rapid, Lewishaven, LA 59581"
485,Erica Johnson,johnday@example.org,"8660 Collins Parkway Apt. 926, North Anthonyside, VI 20082"
486,Crystal Long,hallmaria@example.com,"772 Stephanie Lane, Davidchester, ID 51003"
487,Tanya Hunter,oliverjohn@example.net,"6347 Cooper Manor, Lake Karen, TX 46688"
488,Megan Day,shelly04@example.net,"338 Evans Pines Apt. 529, South Jacqueline, OR 31550"
489,Barry Washington,michaelflores@example.net,"295 Blankenship Isle, West Tammy, VI 81180"
490,Daniel Hill,katherine95@example.com,"82519 Prince Club, Toddborough, GA 44302"
491,Erik Mckee,rebeccawilson@example.com,"549 April Valleys, Port Mistyport, NC 66716"
492,Jennifer Wilkerson,adamgarcia@example.net,"46100 Cuevas Ferry, Courtneymouth, WV 58576"
493,Malik Moran,robertabryant@example.net,"63474 Joseph Inlet, Brookebury, NE 15021"
494,Anthony Shah,clarence85@example.org,"02040 Castillo Causeway, New Scottview, IL 32696"
495,Shane Bennett,johnmitchell@example.net,"1775 Carson Centers, West Paultown, NV 90651"
496,Theresa Preston,ortizbridget@example.org,"398 Joseph Center Suite 164, Ashleyburgh, ID 90379"
497,Christine Stewart MD,qgreen@example.org,"481 Matthews Glens, New Pamelaville, MH 13985"
498,Lisa Gonzales,alejandrophillips@example.net,"7880 Anna Brooks, West Douglasstad, NM 83617"
499,Mark Campbell,arodriguez@example.net,"USCGC Sanchez, FPO AP 45178"
500,Victor Anderson,steven78@example.com,"449 Joel Port, New Nicolefurt, VI 34097"
501,Alejandro Huang,kwarren@example.com,"USNV Franklin, FPO AE 27468"
502,Maria Phillips,pageshawn@example.net,"4185 Dylan Trail Suite 764, Christineville, GA 82598"
503,Patrick Church,jacksonlance@example.net,"840 Carla Brook Apt. 402, Sawyerstad, FM 27863"
504,Phillip Moore,chasesara@example.net,"5135 Sloan Heights, West Vanessamouth, NV 54497"
505,Ryan Lutz,zfrazier@example.com,"4567 Kevin Ville, Port Shanehaven, MN 48624"
506,Amber Edwards,hwilson@example.com,"01948 Cox Lights Apt. 919, Lake Matthewhaven, MD 20508"
507,Jose Bowen,lstafford@example.com,"630 Sanders Groves Apt. 590, Caitlinmouth, ID 44698"
508,Jennifer West,heather10@example.com,"Unit 7183 Box 4926, DPO AE 39005"
509,Kevin Jones,matthew61@example.org,"41383 Sandoval Trafficway, South Brian, DC 36192"
510,Kevin Davis,danielsvanessa@example.com,"703 Noah Orchard, Staceychester, MN 04315"
511,Jennifer Colon,belltravis@example.com,"875 Jack Station Apt. 889, Port Timothy, MP 43592"
512,Phyllis Bridges,hmejia@example.net,"90423 Haley Parkways, Port Natalie, NM 80564"
513,James Miller,eric61@example.net,"9784 Benson Ramp Apt. 183, West Brandi, UT 32609"
514,Laura Kramer,kristybrown@example.net,"570 Terry Cliff, Freemanstad, ID 47232"
515,Christopher Carson,johnmiranda@example.net,"9142 Stout Center Suite 607, Kathyland, MH 31455"
516,Brandon Gonzalez,blacktony@example.net,"3387 Luis Junction Suite 162, Lake Justin, SC 45153"
517,Rebecca Herrera,monica93@example.net,"801 Christina Square Suite 422, Michealport, MN 83562"
518,George Hudson,jessica92@example.com,"7509 Valencia Light, Morgantown, MD 46219"
519,Thomas Olsen,michaelkim@example.org,"614 Little Pines Suite 761, Josephbury, WY 44302"
520,Jessica Dougherty,garciazachary@example.com,"8571 Frank Forges, East Daniel, ID 18417"
521,Katherine Vargas,chad39@example.org,"5797 Nelson Motorway Apt. 684, Tylermouth, HI 41380"
522,Lisa Lopez,jennifer84@example.net,"271 Veronica Island Apt. 429, West Amy, SD 13154"
523,John Bates,franklinantonio@example.org,"7798 Silva Mall, East Heather, LA 26095"
524,Penny Hayes,hle@example.org,"02232 Jeffrey Street, Port Elizabethberg, FL 99884"
525,Robert Johnson,smithdebra@example.net,"27191 Garcia Mountains, Jonesberg, NV 50434"
526,Christopher Campbell,nathanielwatkins@example.com,"67936 Robert Orchard, Beasleyview, FM 19561"
527,Diane Kim,mmeza@example.net,"575 Hoffman Ridge Suite 997, Lake Kevin, MO 92657"
528,Kevin Garcia,qkeith@example.com,"02520 Bradford Meadows, Jamesberg, VI 42131"
529,Mrs. Bianca Ramsey,carterrobert@example.com,"94103 Booth Divide Suite 951, West Ericafort, MT 10528"
530,Kayla Doyle,joshua88@example.org,"375 Ware Ville, New Kendra, MD 85452"
531,April Shaffer,toddarnold@example.com,"108 Greene Key Suite 780, Port Reneetown, NH 07724"
532,Sarah Dalton,lisa32@example.com,"0841 Daniel Drives Suite 324, New Holly, MN 65600"
533,Mary Gray,mlevine@example.org,"9880 Robles Ville, North Ashley, GA 62108"
534,Melanie Walker,scott02@example.com,"321 Peterson Bridge, Coxchester, NM 85736"
535,Natalie Levy,osmith@example.com,"47395 Davis Trail, Fowlerbury, IA 66000"
536,Ashley Young,andersonedward@example.com,"4311 Ryan View, Lake Michael, WV 38232"
537,Mr. Randy York,wrightjack@example.net,"641 Pierce Station Apt. 582, New Emily, OK 94081"
538,Patrick Cruz,rachel53@example.org,"4394 Stevens Forges Apt. 390, Lake Stephanieview, OR 03418"
539,Sergio Ramirez,cgraham@example.com,"42122 Christopher Burgs Suite 206, Austinmouth, RI 83707"
540,Andrea Russell,josephmatthews@example.org,"USCGC Sanchez, FPO AA 29115"
541,Rebekah Leach,ebrown@example.org,"437 Donald Pass, Lake Jerryland, FM 05714"
542,Angela Herrera,gregorycollins@example.com,"2729 Brenda Avenue, Millerberg, PA 26276"
543,Yvonne Sparks,fordmatthew@example.net,"1603 Joshua Ville Apt. 309, Hendersonstad, SC 37152"
544,Nicholas Vaughn,zmoss@example.com,"8159 Jenkins Cape Apt. 335, Robertborough, VA 68467"
545,Lisa Armstrong,nathan54@example.com,"USNV Parsons, FPO AE 15413"
546,Christina Ford,johnwhite@example.net,"8511 Wallace Throughway Suite 084, Mooretown, ID 35676"
547,Adam Castaneda,zcampos@example.com,"159 Flores Divide, Rodriguezmouth, RI 77483"
548,James Anthony,rojasmichelle@example.org,"051 William Ridge Apt. 921, Port Kimberly, PA 62502"
549,Alicia Patterson,nathan18@example.com,"179 James Viaduct, Port Patricia, MA 60962"
550,Justin Benitez,victoriahuff@example.org,"006 Mcintyre Ports, Schwartzmouth, VI 74445"
551,Edward Burgess,vaughanheidi@example.net,"9851 Lane Flats, Lambertmouth, AL 31550"
552,Chad Hudson,deborah06@example.org,"Unit 7127 Box 7121, DPO AA 54562"
553,Steven Myers,jillfuentes@example.net,"760 Suarez Expressway, Ellenhaven, MT 35461"
554,Stanley Matthews,jorge30@example.com,"412 Thompson Mountain, West Alicia, OH 47375"
555,Debra Banks DDS,seanjohnson@example.com,"11919 Bradford Stream Apt. 169, South Ryan, IA 94711"
556,Kathleen Lee,justinmanning@example.com,"85371 Jones Ridge, Gonzalezchester, IL 32796"
557,Roberto Hayes,danielzachary@example.org,"52899 Mitchell Gardens Apt. 319, Blackfurt, AK 98242"
558,Zachary Leonard,bryanflynn@example.org,"8486 Obrien Flats, Lake Danielstad, KY 56096"
559,Jasmine Pham,michelleowens@example.org,"0344 Forbes Common Apt. 182, Timothytown, DE 82375"
560,Leonard Terrell,kelsey64@example.net,"5900 Alice Green Apt. 850, South Matthewmouth, ME 95333"
561,Sabrina Wilkins,nicole65@example.net,"966 Le Islands Apt. 379, Brandymouth, VI 78591"
562,Mr. Thomas Herman,kevinfreeman@example.net,"80831 Tamara Pike, South Melissafurt, MI 91928"
563,Robert Cook,zrodriguez@example.com,"38534 Melanie Haven Suite 145, Pamelaside, MH 99923"
564,Kimberly Long,lori28@example.net,"5487 David Trail Suite 345, Port Charlesville, NV 52422"
565,Christopher Cochran,angela62@example.net,"68164 Taylor Causeway, Mitchellside, NH 42828"
566,Stephanie King,travis90@example.org,"USNV Moore, FPO AA 25842"
567,John Dennis,wthompson@example.org,"782 Wells Ford, Sarahstad, ND 45209"
568,Brandon Cervantes,wdavis@example.net,"20168 Vicki Alley, Mayfort, UT 83550"
569,Adam Stevens,taylorcollin@example.com,"7684 Andrews Crest, Tracyport, FM 20825"
570,Steven Peterson,marissahall@example.org,"408 Strong Drive Suite 052, Romanshire, WA 97715"
571,Andrew Smith,vbrown@example.org,"593 Franco Curve, New Brookebury, OK 44731"
572,Jennifer Smith,mary36@example.net,"8213 Donaldson Landing Apt. 069, Lake Williamchester, DE 33247"
573,Larry Ross,kendrawelch@example.com,"PSC 9114, Box 9123, APO AE 28374"
574,Michael Young,msanders@example.com,"98940 Hill Walks, Kathleenshire, MA 77522"
575,David Nelson,samantha15@example.com,"89127 Barrett Club Suite 538, South Cheryl, VA 50039"
576,Jacob Miller,william69@example.com,"168 Robinson Squares Apt. 084, New Kristaview, AR 65171"
577,Justin Brown,cmullins@example.org,"509 Margaret Land, North Troymouth, MT 72019"
578,Ashley Smith,robert49@example.org,"3866 Emily Brooks Apt. 074, Hensleymouth, WI 95344"
579,Lisa Howard,dpadilla@example.net,"467 Barnes Village, Kirkchester, NH 43735"
580,Jason Miranda,brianromero@example.org,"5088 Sara Roads Suite 867, Carrolltown, MD 38669"
581,Julie Shea,christopherwoods@example.com,"47273 Sharp Key Apt. 488, Ellisport, IL 29671"
582,Noah Edwards,christinehernandez@example.org,"51137 Spencer Canyon Apt. 959, New Chelsea, SD 24579"
583,Debra Bryant,alexis31@example.org,"USS White, FPO AA 58798"
584,Andrea Lewis,christopherjones@example.com,"5568 Theresa Estate Apt. 351, Johnnymouth, AR 10598"
585,Jason Moyer,laurie26@example.net,"8813 Megan Forges, Davidport, DE 89961"
586,Michele Castro,hbrown@example.org,"76741 Ashley Coves, New Melissa, UT 56354"
587,Alyssa Friedman,stephensonshelby@example.com,"55994 Anita Place, South Tonyafort, OH 17138"
588,Ricky Johnson,catherine07@example.org,"8711 Brian Rest, Lake Michaelshire, OK 56312"
589,David Mcknight,nathaniel72@example.org,"5381 Bryan Plains Apt. 619, Matthewport, KS 39779"
590,John French,matthewssteven@example.com,"19476 Kaiser Tunnel, North Kellymouth, AK 12286"
591,Brittney Aguilar,michael06@example.org,"621 Raymond View Apt. 774, Jamesmouth, LA 76297"
592,Cassandra Harrison,sharpcharles@example.com,"963 Stokes Prairie, North Anthony, HI 17812"
593,Jessica Lee,youngjeremy@example.org,"PSC 0478, Box 8477, APO AA 51011"
594,Catherine Stevens,john19@example.com,"60476 Walker Curve, West Lisaville, WY 72392"
595,Rachel Huang,xgutierrez@example.net,"Unit 9610 Box 2835, DPO AE 89826"
596,Christopher Ruiz,austin50@example.org,"66780 Jasmine Rue, Melaniechester, WY 50083"
597,Cody Hale,douglasbrooks@example.org,"USCGC Ward, FPO AA 79076"
598,Matthew Rice,rebecca56@example.net,"448 Jennifer Tunnel Suite 739, Haileymouth, FL 70244"
599,Maria Singleton,ndougherty@example.net,"21163 Frank Port, Gabrielfort, SC 44632"
600,Daniel Williams,rdavis@example.net,"75738 Julia Mews Suite 804, Lake Seth, AK 48994"
601,Christopher Kirby,cobbcharles@example.com,"7074 Hutchinson Viaduct Suite 689, Edwardland, MI 10403"
602,Paul Jimenez,patrickashley@example.com,"PSC 3039, Box 9979, APO AE 06360"
603,John Pierce,craig38@example.org,"8313 Hernandez River Suite 630, North Timothytown, OK 89039"
604,Austin Ramirez,ithompson@example.net,"3662 Samantha Expressway, Grimesfurt, MH 16881"
605,Ashley Fitzgerald,daniel12@example.org,"994 Teresa Station Suite 177, Dominiquebury, MH 38922"
606,Jennifer Smith,matthewcarrillo@example.net,"85465 Sean Groves Suite 950, South Brettmouth, VA 40616"
607,Megan Guerrero,jasonacosta@example.com,"45097 Rodriguez Squares, Port Teresa, SD 61278"
608,Brian Clark,davidsonamy@example.net,"37718 Lynch Point, Lake Sarah, AL 02679"
609,Ellen Andrade,reyesscott@example.org,"668 Autumn Locks Suite 636, South Joelstad, MP 28113"
610,Nathaniel Nichols,harrisontracy@example.org,"4440 Thomas Manors, North Brian, UT 98615"
611,Erika Zamora,eparks@example.com,"711 Katrina Estate Apt. 426, Jeffreyshire, CT 04434"
612,Erin Hughes,rogerstaylor@example.net,"2413 Tricia Burg Apt. 979, North Devin, MH 05051"
613,Joe Gamble,carolineberger@example.com,"46221 Erin Unions Apt. 187, Katherinemouth, NJ 39632"
614,Amy Ruiz,abigail60@example.net,"949 Lawrence Parkways Suite 276, North John, KY 42578"
615,Robert Alvarado,barbaravaldez@example.com,"Unit 8596 Box 2933, DPO AP 80622"
616,Leslie Miller,vanessaparsons@example.org,"58200 Ferrell Stream Apt. 225, Kelleyborough, LA 66857"
617,John Jensen DDS,ywilson@example.com,"97655 Bailey Gateway Apt. 752, East Molly, OK 41940"
618,Dylan Jones,cruzcory@example.org,"PSC 7435, Box 8708, APO AA 95596"
619,Laura Lynn,davisjamie@example.com,"8284 Scott Avenue, New Ericfort, NH 03576"
620,Richard White,whitetimothy@example.org,"0069 James Camp, East Lynn, AK 05417"
621,John Anderson,shawdevin@example.com,"0136 Daniel Skyway Suite 422, Keithfort, ND 15022"
622,April Hanna,hmartin@example.com,"363 Hines Key, West Phillipland, NV 76459"
623,James Garza,lanceroberts@example.org,"1267 Martin Pike, East Karlastad, LA 68478"
624,Dustin Oneill,paul07@example.net,"492 Megan Orchard, Port Valerie, NC 94773"
625,Anthony Curtis,christina13@example.net,"4294 Nicholas Pine Suite 873, Gillstad, TX 22509"
626,Travis Murphy,amber46@example.net,"PSC 2324, Box 4916, APO AP 49084"
627,Christine Hill,schroederjoseph@example.org,"70980 Jackson Neck Suite 194, Port Manuelport, KY 54299"
628,Amanda Jones,choover@example.net,"4299 Ortega Islands, North Crystal, NJ 37878"
629,Jamie Christian,kennethsnyder@example.org,"8908 Jaime Roads Suite 955, Grossfort, KS 26561"
630,Aaron Daniels,arthur27@example.com,"3706 Elizabeth Mountains, Lake Roger, DE 53117"
631,Reginald Benson,kenneth27@example.net,"335 Elizabeth Fork, Gamblebury, KS 89939"
632,Brian Ortiz,nancy50@example.com,"USS Morales, FPO AA 17342"
633,Nicholas Moore,michelle60@example.org,"023 Nathan Walks Apt. 548, Edwardsfort, NJ 10307"
634,Nancy Nelson,wparker@example.com,"PSC 8451, Box 6455, APO AE 02380"
635,Benjamin Ayers,pjimenez@example.org,"2199 Renee Plains Apt. 649, South Alexaport, NH 23756"
636,Bradley Romero,vroth@example.org,"3357 Matthew Islands Apt. 170, Geraldton, VI 25110"
637,Christopher Turner,robertsrichard@example.org,"78474 Eric Trail, Seanbury, MT 63377"
638,Lauren Schultz,wrightkimberly@example.org,"USCGC Smith, FPO AP 42953"
639,Charles Schmidt,mosessharon@example.com,"26740 James Roads Apt. 026, Smallberg, AL 80202"
640,Patrick Thompson,fcox@example.org,"11841 Shaffer Greens Apt. 533, Erikafurt, PR 03850"
641,Sean Wilson,millerlinda@example.org,"0564 Nathan Forge, Ibarrabury, LA 88701"
642,Christopher Francis,vmiller@example.com,"7121 Aaron Radial Suite 587, Ericside, FL 17816"
643,Krystal Lopez,levycindy@example.net,"66408 Julia Point Apt. 578, Michaelmouth, NM 00789"
644,Elizabeth Fisher,alexis77@example.com,"04728 Adams Rapid Suite 150, West Sara, PW 09775"
645,Angela Thomas,burtondawn@example.com,"43305 Wilson Mills Suite 045, Jeffreytown, GA 52692"
646,Erika Arnold,krista17@example.net,"2793 Yolanda Rest, Jessicahaven, WV 42574"
647,Robert Cunningham,pmartin@example.net,"56834 Perry Lodge Suite 515, Eduardomouth, FL 93283"
648,James Blackwell,alexis73@example.com,"857 Evelyn Square Suite 014, North Tiffany, SC 66494"
649,Trevor Miller,dfrancis@example.org,"30948 Jennifer Plain, Gabrielmouth, KS 34448"
650,Philip Horn,cheyenne96@example.net,"82861 Lauren Trace, South Kristinemouth, PR 30694"
651,Andrew Rodriguez,phamilton@example.org,"7259 Wong Station Suite 332, North Amber, WA 77960"
652,Calvin Bryan,walkermichael@example.org,"418 Gutierrez Mission, South Timothy, MS 79312"
653,Vincent Fletcher,joseph27@example.com,"01397 Michael Crossing, New Julie, TN 01375"
654,Chloe Beard,steven43@example.net,"47082 Robinson Haven Apt. 151, Heathermouth, DC 97858"
655,Jesse Bird,ronaldsheppard@example.org,"953 Lowe Mountain Suite 515, West Timothy, AS 55106"
656,Vernon Vaughan,briansmith@example.org,"80431 Olivia Mount, Armstrongtown, MO 62536"
657,Elijah Adams,hernandezeric@example.net,"7983 Madison Hills Suite 997, East Sarah, GU 14759"
658,Susan Smith,fosterdanielle@example.org,"01373 Knight Parks Apt. 270, Larsenside, TN 33069"
659,Donald Buchanan,krista72@example.org,"772 Taylor Fields, Tammyland, ID 15987"
660,Michael Weaver,mary97@example.net,"125 Smith Cliff Suite 862, East Danielle, PR 89606"
661,Amber Saunders,hturner@example.org,"5742 May Isle Suite 365, Jamiechester, MH 18403"
662,Justin Watkins,dbauer@example.org,"81586 Deborah Plaza Apt. 493, Lake Roberttown, KY 64780"
663,Alexander Graham,davidjulie@example.net,"965 James Lake Suite 247, Reynoldsfurt, CT 33474"
664,Lisa Cordova,danielwinters@example.com,"05200 Jacqueline Union, Port Ashley, ID 79334"
665,Jacob Lynch,alexis78@example.org,"5743 Love Flat Apt. 178, Lamview, ID 50020"
666,Joshua Ortiz,gwillis@example.net,"48953 Michael Common Suite 807, Harrisstad, MP 93895"
667,Charlotte Gordon,laurencruz@example.com,"0456 Daniel Meadows Apt. 520, West Josephborough, ID 90192"
668,Stephen Walsh II,olsenrachel@example.com,"459 Christine Mews, Griffinport, AZ 10576"
669,Cassandra Duncan,alexandrabrown@example.com,"449 Allen River Apt. 149, Robinsonhaven, MN 51704"
670,Erica Montoya,michael60@example.net,"148 Hicks Tunnel, Roseville, PA 17726"
671,Matthew Daniels,mccormickmorgan@example.org,"84366 Kerri Drive Apt. 325, Trujilloport, KS 66595"
672,Sean Craig,jorgeschultz@example.org,"308 Kelley Stravenue Apt. 244, Lake Michael, NM 84757"
673,Sean Williams,catherine08@example.org,"8597 Clark Street, South Mistyfurt, LA 42271"
674,Jillian Davenport,beckytucker@example.com,"286 Graves Inlet Apt. 277, Wilkinston, DE 04480"
675,Shannon Smith,harperjeffrey@example.net,"81022 Wilson Pike, North Jessicastad, VA 68587"
676,Regina Howell,raydavid@example.com,"USNS Arnold, FPO AP 80235"
677,Sara Baker,elizabeth91@example.net,"114 Michael Locks Suite 570, New Rickystad, CA 97537"
678,Matthew Harris,mcgrathbrandy@example.org,"8740 Kaylee Islands, Lambertchester, TN 27195"
679,Stephanie Mccarthy,andrew67@example.net,"26146 Diaz Prairie, Mooreport, MN 58870"
680,Julie Williams,lawsonvictoria@example.com,"4912 Adams Orchard, Murphystad, DC 76695"
681,Austin Johnston,brian24@example.net,"8058 Sullivan Keys Suite 612, North Teresa, DC 80786"
682,Jason Flores,jamesarroyo@example.org,"7985 Karen Overpass, East Lynnstad, ND 68994"
683,Jerry Taylor,tammyriddle@example.com,"1744 Alex Junction Suite 482, Craigmouth, VA 62631"
684,Maria Cobb,navarrojeffrey@example.com,"62821 William Plain, New Emma, KY 26573"
685,Ashley Contreras,fowlerkimberly@example.com,"103 Walter Ford, Lake Jamieton, AK 29092"
686,Elizabeth Morgan MD,gbecker@example.org,"3624 Allen Flat Suite 335, Lake Amberport, VA 12805"
687,Sharon Romero,judybailey@example.org,"095 Keith Track, Michelleburgh, MN 16762"
688,Alexandra Ellis,bartonrichard@example.com,"71780 Brandon Rapids Apt. 874, New Victorchester, NY 28203"
689,Alexander Ruiz,anita73@example.org,"698 Luis Radial, Port Richardshire, RI 40170"
690,Jon Hampton,jennifer95@example.net,"861 Smith Stream Suite 436, Hillborough, MD 04611"
691,Raymond Roberts,gwiggins@example.net,"617 Campbell Prairie Apt. 171, Jacobsville, GU 09267"
692,Ronald Cook,kristen16@example.com,"694 Moore Walks, Harrisonburgh, WV 33491"
693,Craig Brown,erica28@example.org,"0907 Dyer Stream Apt. 889, Port Shannon, PW 31618"
694,Karen Thomas,ewilliams@example.net,"41922 Bailey Ranch, Port Mark, OR 73914"
695,Amy Kim,adrianbryant@example.org,"456 Williams Mission, West Toddland, RI 47377"
696,Ashley Jackson,mcohen@example.com,"95739 James Meadow, North Stacyburgh, VI 79983"
697,Scott Johnson,kimberly88@example.net,"74224 Freeman Parks, West Christopher, AR 89847"
698,Ariana Graham,dwayne19@example.com,"75258 Whitaker Estate, Jamesview, OK 14441"
699,Robert Brown,ohernandez@example.com,"56895 Meyer Plains, Lake Allenbury, SD 64018"
700,Barbara Harris,jrowe@example.net,"862 Richards Ferry Suite 353, Jasonmouth, WV 48351"
701,Mr. Adam Flores PhD,daniel67@example.com,"33692 Taylor Heights, Jasonbury, WI 66793"
702,Maria Alexander,mary97@example.com,"45167 Gary Lodge Apt. 490, Harrisfurt, DC 26060"
703,Carlos Luna DVM,qlewis@example.net,"2104 Henderson Freeway, Robertton, CA 55444"
704,April Cox,lanelisa@example.org,"7548 Wong Crossroad Suite 353, New Jacobtown, NH 62855"
705,Hannah Walker,josephlewis@example.net,"92658 Wayne Green, South Jamesside, ME 55413"
706,Angela Moreno,archertodd@example.org,"909 Adam Park Suite 832, Hardychester, CA 81500"
707,Debbie Fuentes,boydjoshua@example.org,"PSC 7454, Box 5861, APO AP 63195"
708,Stacy Gilbert,trevor90@example.com,"15820 Michelle Overpass Apt. 849, New Stevenland, NM 77802"
709,Walter Walls,martinscott@example.org,"37638 Lopez Stravenue Suite 991, New Curtisside, NM 65216"
710,Jennifer Ortega,floresjamie@example.com,"4870 Bates Cliff Suite 560, Rebeccabury, WI 67794"
711,Richard Harding,derektorres@example.net,"677 Lewis Vista, North Henryland, MH 60424"
712,Kathleen Hess,burnstodd@example.net,"628 Kathleen Groves, East Eugene, WA 66728"
713,John Dawson,ntran@example.com,"Unit 3680 Box 1571, DPO AA 13895"
714,Gail Wheeler,cruiz@example.com,"593 Mason Ridge, Nathanielshire, FL 82674"
715,Michael Ray,ipowell@example.net,"3517 Rhonda Shoal Suite 844, North Dan, NJ 43184"
716,Jennifer Collins,mnicholson@example.org,"USNS Smith, FPO AP 77167"
717,Daniel Adams,collinsmicheal@example.com,"7301 Nelson Summit, Port Douglas, GA 02379"
718,Terry Norton,alexanderperez@example.net,"1109 Brown Harbors Apt. 410, South Kenneth, CA 30192"
719,Bonnie Harvey,obradford@example.org,"086 Garcia Union, Stephenbury, WA 36226"
720,Jessica Henderson,johnsonjenna@example.org,"169 Charles Street, Port Renee, RI 09366"
721,Kelsey Huang,yfuentes@example.org,"255 Stevens View, South Peggy, DC 56092"
722,Kristi Cole,williamswilliam@example.org,"4071 William Station Suite 675, New Jenniferport, MT 65147"
723,Alyssa Martinez,ginathomas@example.net,"00585 Jennifer Fields Apt. 976, Carterburgh, CO 02936"
724,James Cook,taylor11@example.net,"6814 Gail Points Apt. 184, Lake Barbara, AK 70136"
725,Heather Adams,lewisjessica@example.com,"956 Felicia Squares Apt. 108, Danieltown, GA 52528"
726,Michael Martin,staffordearl@example.net,"045 Gallagher Well Suite 421, Briantown, PR 67036"
727,Michele Burke,tracey59@example.com,"95935 Rebecca Parkway Suite 076, Mirandaberg, DE 93164"
728,Terry Jackson,alisonmeyer@example.net,"55794 Gordon Gardens, North Joseph, MT 75852"
729,John Black,nicole32@example.com,"08092 Ball Road Apt. 046, Harrisonstad, FL 44301"
730,Eric Garcia,michaelthompson@example.com,"807 Flynn Estate, Kristinside, PA 51422"
731,Mary Gonzales,helen44@example.org,"2800 Moon Well Suite 696, Shepherdburgh, HI 83290"
732,Christina Crawford,jamiemccoy@example.org,"80029 Sara Greens, Port Fred, MS 10229"
733,Stacey Rios,ydavis@example.org,"801 Allison Mall Apt. 870, Hardinside, NV 96594"
734,Derrick Gonzalez,lucas99@example.net,"6689 Vaughan Plain, Ivanchester, WA 93096"
735,Derek Oneill,andersonbenjamin@example.net,"910 Jesse Mission, Lyonstown, MH 81692"
736,Marvin Baldwin,vcarlson@example.net,"956 Dorsey Park, East Julie, MA 20545"
737,Jill Hughes,pamela33@example.com,"906 Jesse Springs Suite 786, South Jerrymouth, NH 34702"
738,Melissa Riley,sharonjones@example.net,"PSC 4030, Box 3376, APO AE 20358"
739,Kristopher Hernandez,chavezkelsey@example.net,"729 Smith Isle, North Thomas, UT 00765"
740,Mrs. Julie Hill DDS,joneselizabeth@example.com,"6536 Bailey Street, West Carolynmouth, WI 15736"
741,Anita Sanchez,kevin48@example.com,"379 Chavez Hill Apt. 150, Michaelville, OH 73080"
742,Suzanne Jackson,jcameron@example.com,"34267 Smith Mall, Lake Raymond, NY 92386"
743,John Farmer,kbennett@example.net,"58830 Nicholas Gardens Suite 441, East Nicholas, FL 07440"
744,Christina Morris,benjamin90@example.com,"0068 Garcia Falls Apt. 481, Brewertown, WA 75076"
745,Laura Matthews,littlejoseph@example.com,"186 Coleman Mills, Anthonyberg, AR 19744"
746,Andrew Smith,karl17@example.com,"9408 Kyle Way, Cunninghamview, MA 39640"
747,Amy Allen,bonnie67@example.com,"2714 Michael Drive, Myersberg, WV 90370"
748,Amber Alexander,christopher78@example.org,"2082 Burton Rapids, Jackiefurt, NY 69997"
749,Tara Lozano,rsilva@example.org,"198 Kelly Walk Suite 267, Kaylamouth, MO 54851"
750,Joshua Barrera,erinjoseph@example.org,"0767 Adams Fork, East Arielview, SC 25572"
751,Anthony Jones,sonyaanderson@example.org,"62630 Munoz Points Apt. 335, North Judith, IL 72247"
752,Gregory Liu,nancy46@example.org,"063 Monica Ridges Apt. 757, Greenville, PW 59577"
753,Victoria Reed MD,valenzuelarobert@example.org,"38630 Dennis Dam, East Nathanton, LA 79455"
754,Christina Stevens,henrybrett@example.org,"20966 Cabrera Valleys Suite 485, Lake Brianberg, IN 60893"
755,Edward Anderson,hermanmichael@example.com,"6049 Amanda Loop Apt. 914, Calvinborough, IA 08597"
756,Lori Woodard,veronica72@example.net,"72956 Elizabeth Neck Suite 102, East Joshuabury, IN 27528"
757,Tiffany Roberts,bellstephen@example.net,"6294 Jasmine Stream, Dorothyport, MP 15490"
758,Gregory Jackson,brownroy@example.com,"732 Mclean Summit, Jesusville, NE 25462"
759,Christopher Jackson,douglaszamora@example.net,"474 Ray Trail Suite 881, Timothyside, NY 58985"
760,David Galvan,debra63@example.net,"0505 Rachel Square Apt. 920, South Jonathonfort, NY 44968"
761,Joel Bryant,lopezjeffrey@example.com,"9793 Massey Ranch, East Allison, WV 56139"
762,Mr. Jack Johnson MD,bishoplindsey@example.org,"818 Knight Inlet, New Bradley, VI 20206"
763,Brittany Rodriguez,nwilliams@example.net,"9860 Perez Shores, Manuelhaven, NH 31528"
764,Timothy White,gregory67@example.net,"PSC 9659, Box 2459, APO AP 74420"
765,Pamela Parrish,fnelson@example.com,"PSC 8917, Box 8552, APO AP 86406"
766,Robert Rodriguez,kennedyrobert@example.org,"8068 Davis Ridge Suite 387, North Scott, VT 53534"
767,Mary Schultz,hberry@example.net,"91645 Craig Square, New Anthony, IA 33246"
768,Sherry Taylor,gordonemily@example.net,"074 Reginald Spurs, Williamfurt, WV 95706"
769,Matthew Patterson,parkeradams@example.com,"PSC 2953, Box 4644, APO AA 42124"
770,Roger Graham,payneangelica@example.net,"1751 Luna Shoal Apt. 307, Colinmouth, IA 21091"
771,Daryl Lee,nathan42@example.net,"9702 Perez Park, East Stevenville, OR 38994"
772,Brian Grant,ledana@example.net,"218 William Throughway Suite 677, New Shannonfurt, MS 55295"
773,Stacy Brown,lorikelly@example.org,"PSC 1048, Box 7743, APO AE 65195"
774,Felicia Lopez,laura64@example.com,"280 Campbell Path, West Davidview, ND 69175"
775,Justin Zimmerman,ivanbailey@example.org,"366 Miller Lodge Apt. 617, East Julie, IN 88317"
776,Nancy Lynn,jessicamorris@example.com,"0111 Krause Mountains Suite 728, Tylerton, PW 64190"
777,Christian Flores,mccarthyrenee@example.org,"6824 Levine Gateway Suite 966, Kimberlyside, OK 76662"
778,Francisco Manning,gyoung@example.net,"476 Rachel Causeway, Morenoburgh, ID 70163"
779,Hailey Gray,lori45@example.org,"767 Michael Loaf Apt. 115, Mcclurestad, SC 18713"
780,Joseph Fuller,soniabradford@example.org,"8420 Melissa Roads Apt. 153, East Kristinview, MD 47768"
781,Wanda Mcdonald,kevinnavarro@example.net,"180 Hill Islands Apt. 398, Juarezville, IA 08619"
782,Collin Davis,michelle65@example.net,"71690 Leon Stream Apt. 171, North Lesliestad, FM 26243"
783,Julie Stephenson,murillojulie@example.org,"636 Angela Street, Shawnberg, AK 04707"
784,Beverly Wise,qolson@example.net,"707 John Mountains Suite 156, East Tonyport, AK 97719"
785,Jamie Owens,kennethwarner@example.com,"498 Lewis Run Suite 362, West Kevin, HI 20401"
786,Brian Anderson,dariussmith@example.net,"85369 Michael Parkway, Kyleview, GA 20852"
787,April Hawkins,watsonjulie@example.net,"15946 Mcgrath Prairie Suite 096, North Jamesmouth, WY 36880"
788,Barbara Vaughn,jeanclark@example.com,"USS Kramer, FPO AE 16789"
789,Melissa Snyder,dcook@example.org,"Unit 9486 Box 4663, DPO AA 62449"
790,Steven Thomas,mdawson@example.net,"09791 Montes Crossing, Johnbury, UT 77006"
791,Mrs. Nicole Daniel,monicablevins@example.com,"18558 Maria Plaza Apt. 338, Heatherberg, MD 27280"
792,Kimberly Munoz,johnsonrachel@example.com,"981 Ryan Inlet, Travisborough, MP 51419"
793,William Duncan,scott40@example.org,"363 Jennifer Flat Apt. 935, South David, VT 47588"
794,Dustin Carroll,kellyjackson@example.com,"5139 Hayden Union Suite 910, Rodriguezborough, CO 90094"
795,Helen Massey,jonathan89@example.com,"2693 Sabrina Mills, Luceroville, CT 58035"
796,Joanna Stanley,tamara65@example.com,"18770 Mason Knolls, South Brendabury, MS 15708"
797,Anna Rogers,hwilson@example.com,"3151 David Square, Annashire, NJ 66225"
798,Michael Young,kathy94@example.org,"39581 Kelley Pines, Jasonton, MI 51393"
799,Andrea Palmer,kaylahenderson@example.com,"3156 Smith Cape Apt. 654, Jenniferport, NJ 03070"
800,Anthony Harper,tsmith@example.org,"0065 Mary Rue, Adamfurt, NM 04238"
801,Jose Kramer,timothylane@example.org,"324 Clark Branch Apt. 618, New Kevin, KY 66435"
802,Robert Rios,paigedrake@example.org,"689 Kathryn Estate, Floresland, MI 95938"
803,James Gamble,danielwiggins@example.net,"42359 Morales Islands, Deborahchester, WI 26832"
804,Rhonda Ibarra,uwright@example.org,"047 Conner Prairie, North Melissa, WI 76197"
805,Ricardo Stafford,johnsoncynthia@example.net,"Unit 3617 Box 2228, DPO AP 48109"
806,Karen Robles,tammy09@example.org,"62388 Campos Hill Suite 753, Danielsbury, MS 72529"
807,Jeremy Gaines,ashley07@example.com,"6374 Sexton Mountain, Simpsonville, MA 05794"
808,Debbie Bean,rarnold@example.net,"PSC 4205, Box 2112, APO AP 56572"
809,Zachary Cherry,wyattmaureen@example.net,"314 Middleton Pine Apt. 372, Sparksland, CO 45412"
810,Sheila Gilbert,zray@example.com,"81731 Emily Mission Suite 091, Edwardfurt, WV 66594"
811,Michelle Logan,theresa75@example.com,"337 Brown Keys, West Laura, MO 80017"
812,Megan Jackson,fraziermonica@example.net,"68193 Miller Divide Suite 695, Robertsstad, ME 84962"
813,Melissa Hardin,maryguerrero@example.net,"45341 Amanda Alley, Evansview, DE 55111"
814,Patricia Pratt,cassie55@example.org,"59235 Susan Plains Suite 570, Schmittview, MH 20891"
815,Joshua Huang,wolfcrystal@example.com,"41594 Martin Mountains Apt. 779, Jenniferfurt, AK 28361"
816,Tammy Oconnor,jamescharles@example.com,"364 Hernandez Ranch, East Jamieborough, IL 33097"
817,Leslie Davidson,gabriel87@example.com,"3839 Dawson Plains, Lake John, CA 07405"
818,Timothy Flores,jenniferscott@example.com,"5349 Vargas Course, Masonbury, IN 31862"
819,Kayla Mendoza,jennifer15@example.org,"620 Strong Ways, South Thomastown, NY 69567"
820,John Mccarthy,jmiller@example.com,"171 Joseph Turnpike Apt. 709, Port Victorton, OR 54717"
821,Jeffrey Williams,jonesjessica@example.net,"77554 Stone Lodge Suite 291, Port John, ND 30201"
822,Tami Ballard,znunez@example.com,"8968 Jeffrey Island Apt. 027, Heathfort, PW 88551"
823,Mr. Samuel Duarte,jon37@example.org,"43943 Hernandez Squares Apt. 012, South Shelly, IA 89672"
824,Ricardo Scott,ypatel@example.net,"5005 Damon Stravenue, Lake Staceymouth, ME 56472"
825,Duane Bradford,karen91@example.org,"4600 Hayes Extension Apt. 981, East Wandaview, WA 28210"
826,Amy Estes,fryashley@example.org,"PSC 6354, Box 2162, APO AA 41400"
827,Dawn Brown,turnersamantha@example.org,"75416 Todd Loaf, Port Patrickburgh, AS 78780"
828,Jesus Martinez,sandrakent@example.net,"638 Matthew Shore, Lake Benjamintown, AL 31370"
829,Mrs. Tracy Allen,ogarza@example.net,"8289 Hensley Causeway, Lake Davidfurt, MP 51193"
830,Phillip White,pattymorrow@example.org,"440 Hardin Loaf Apt. 404, Lake Jennifer, TN 09643"
831,Lori Cochran,pbuchanan@example.com,"564 Graham Green Apt. 314, Johnfurt, CA 38478"
832,Scott Hart,andrewgilbert@example.net,"2657 Diaz Ranch Suite 468, Port Kyle, VA 30864"
833,Christopher Larson,glendashepherd@example.org,"9089 White Freeway, East Johnfurt, LA 04318"
834,Matthew White,keithsmith@example.org,"854 White Turnpike Suite 369, West Troy, MP 02716"
835,Matthew Thomas,sarah49@example.org,"24412 Le Via, South Michael, PW 92323"
836,Patrick Waters,codypeterson@example.net,"19959 Louis Route Suite 009, Rhodesstad, FL 99227"
837,Bruce Schultz,petersonadam@example.net,"062 Nelson Ports, South Michelle, KS 67091"
838,David Chaney,nicholas23@example.net,"474 Shelley Harbors Apt. 590, Seanfurt, SC 52505"
839,Adam Bryant,williamselizabeth@example.net,"PSC 4598, Box 0868, APO AP 11958"
840,Alexis Mendoza,galvansarah@example.com,"0055 Shannon Brooks, Jasonstad, ID 70363"
841,Sheila Kennedy,abigail80@example.net,"03472 Romero Highway Suite 850, North Andreafurt, HI 98589"
842,Donna James,teresa64@example.org,"54551 Tucker Vista, West Erica, CA 50310"
843,Erin Hoover,lwoods@example.org,"USNV Hart, FPO AP 65869"
844,Angela Jenkins,zcarter@example.org,"327 Miller Summit, Hoffmanshire, TX 50431"
845,Carlos Davis,opatterson@example.com,"797 Jessica Mews Suite 667, Mercedesstad, WI 23550"
846,William Nicholson,moorebriana@example.net,"3114 Medina Vista, Brandonborough, AK 43476"
847,Traci Humphrey,woodswhitney@example.net,"41952 Jones Expressway Suite 329, Port Kennethborough, WV 37941"
848,Angela Holmes,paul87@example.net,"PSC 4491, Box 2614, APO AP 82621"
849,Mrs. Emily Johnson DVM,allison23@example.org,"745 Pittman Trace Apt. 875, Jayview, IA 88595"
850,Ernest Chapman,vgonzales@example.org,"484 Theresa Center Suite 001, South Lindsayside, FM 40724"
851,Bradley Mcbride,dcardenas@example.com,"64980 William Parkway Apt. 571, Hullside, AS 10326"
852,John Williams,donna46@example.org,"44093 Daniel Via Suite 044, Coleburgh, ME 47683"
853,Linda Fitzgerald,michael52@example.org,"975 Emily Spurs Apt. 640, Chambersview, NJ 40870"
854,Jennifer Hoover,johnduke@example.com,"PSC 2654, Box 1880, APO AA 04988"
855,Brian Wilkins,royjackson@example.com,"Unit 3056 Box 6624, DPO AP 46584"
856,Daniel Wallace,vmarks@example.com,"0481 Alan Ville, Carrollville, AZ 00562"
857,Donald Ramos,wvelazquez@example.org,"4626 Brian Neck, New Jasminefurt, MS 45861"
858,Ralph Spencer,michael25@example.com,"3484 Stevenson Stravenue Apt. 753, Brianville, DE 76695"
859,Teresa Jenkins,yfuller@example.com,"989 Marcus Ways, West Ruthside, OR 98092"
860,Christopher King,jessicaross@example.com,"821 Brooks Glens Suite 876, Lake Sara, MO 43189"
861,Michelle Clark,twagner@example.net,"16873 Morris Lodge, New Mary, FM 78781"
862,Jeffrey West,paul22@example.com,"3405 John Springs Apt. 262, West Joestad, NE 76916"
863,Mr. Johnny Jones,garciapatrick@example.com,"72096 Michael Lane Suite 848, South Diamondview, DE 26733"
864,Amanda Delgado,georgemurray@example.com,"USNS Bailey, FPO AE 18600"
865,Anita Jones,taylorwilliams@example.org,"660 Bowers Lakes Suite 985, Port Christopherton, AL 94889"
866,Brooke Rodriguez,bankshenry@example.org,"57440 Thomas Junction Apt. 340, Elizabethhaven, HI 07898"
867,Keith Reyes,wallsamy@example.com,"809 Marvin Shoals, Lake John, AS 76570"
868,Andrew Barron,wrightmelissa@example.org,"7148 Susan Drive Suite 554, Coxfort, CO 66615"
869,Sandy Ross,fbarnes@example.org,"172 Michael Rest, South Briana, VI 57754"
870,Caitlin Martinez,nancyellis@example.org,"95969 Roach Orchard Suite 752, New Melissa, IL 74830"
871,Bryan Hill,christinerussell@example.com,"351 Roy Via, Clarkville, MP 94481"
872,Janet Robinson,rhondamunoz@example.net,"Unit 6638 Box 1260, DPO AA 31401"
873,Kari Johnson,briannaadams@example.net,"780 Fowler Green, Montgomeryland, CA 39978"
874,Jill Wilson,thompsonnicholas@example.com,"726 Rodriguez Club, Craigberg, MT 85574"
875,Steven Smith,echandler@example.com,"1285 Susan Plain Suite 351, Hartchester, LA 48376"
876,Jennifer Smith,jonathanharrison@example.net,"379 Jones Points, Wrighthaven, CO 77444"
877,William Daugherty,sanderson@example.org,"51960 Wagner Prairie Apt. 618, Baldwinshire, MO 15537"
878,Eduardo Patel,michaelmartin@example.org,"48766 Daniel Crest, East Amandaborough, MI 95057"
879,Diane Martinez,tatejohn@example.net,"0967 Katherine Mountains, West Wendy, GU 37396"
880,Jesse Anderson,norr@example.com,"56610 Anthony Ports Suite 654, Sanchezton, ND 95797"
881,Scott Adams,yedwards@example.com,"53068 Christopher Ridge, Lake Karen, AS 28814"
882,Scott Garza,andrew55@example.net,"284 Kevin Views Suite 881, Smithfort, FM 96683"
883,Leah Gray,jonesregina@example.net,"11002 Weeks Dale, Carterchester, AK 16051"
884,Jo Gordon,mcbridechristopher@example.com,"61668 Marshall Mews, Port Melindachester, MD 50351"
885,Chad Long,idoyle@example.org,"82173 Joshua Inlet Apt. 844, Hulltown, DC 65470"
886,Shannon Hale,boylejoseph@example.org,"90062 Joshua Pine Apt. 970, Leonardside, CT 20110"
887,Amber Lynch,dburnett@example.net,"466 Anthony River Apt. 658, Wilsonmouth, CO 61831"
888,Mike James,tina88@example.com,"848 Christopher Village Apt. 667, Stevenborough, OH 30681"
889,Jason Smith,carriehobbs@example.org,"562 Kirk Summit Suite 598, Colemanstad, SC 67453"
890,Holly Hatfield,ramostiffany@example.org,"382 Hayes Plain Suite 929, East Christina, WA 64640"
891,John Chang,hannahwest@example.net,"45019 Eddie Harbors, Jacquelineberg, ID 78228"
892,James Miller,jesse15@example.org,"699 John Prairie Suite 432, Rayburgh, FM 14170"
893,Ryan Wood,moranmatthew@example.org,"26192 Higgins Lights, Victoriatown, GU 87894"
894,Laura Lyons,orozcodavid@example.org,"520 Gordon Unions Apt. 402, Travismouth, UT 27674"
895,Holly Hernandez,smithleslie@example.org,"213 John Lodge Apt. 405, North Nathan, DE 78968"
896,Jerome Jones,timothyharvey@example.org,"783 Wright Views Suite 155, Port Jeremystad, TN 77974"
897,Eric Jacobs,patriciahall@example.net,"Unit 5884 Box 4849, DPO AE 04222"
898,Alexander Collins,nicholasfreeman@example.net,"749 Cohen Ferry, Palmerfort, ID 94749"
899,Lance Ramirez,debrawarren@example.com,"8957 Frank Mission Apt. 102, Harrisport, DE 44253"
900,Cassidy Jackson,sarah22@example.net,"27667 Ramirez Shore, West Kristinaport, RI 08813"
901,Sandra Jordan,sanchezrichard@example.net,"855 Robin Ranch Apt. 649, Jonesshire, PW 39415"
902,Diane Tyler,dana52@example.org,"3891 Benitez Walk, Parkerton, NH 75340"
903,Todd Sullivan,qestes@example.org,"68455 Jennifer Corners Apt. 163, North Heatherchester, MH 44526"
904,Christopher Morrow,jadewhite@example.com,"79306 Brown Coves Apt. 873, Port Rickystad, GA 92997"
905,Sandra Young,marcusfisher@example.com,"3849 Shawn Lodge, Port Jackie, WA 63238"
906,Wesley Anderson,vvasquez@example.com,"2161 Philip Rapid Suite 498, Lake Robertville, NC 86668"
907,Marco Smith,dannygrant@example.org,"546 Reed Streets, New Joshuaton, MN 10632"
908,Jordan Medina,drivas@example.net,"51059 Holmes Well Suite 412, Josephburgh, RI 18897"
909,Luis Ford,kristyriddle@example.org,"6462 Ruben Stream, South Jacobmouth, OK 28132"
910,Tracy Acosta,christinadawson@example.com,"9832 Frazier Ridge, Johnsontown, ND 94443"
911,Nicole Green,bensonjim@example.org,"36645 Denise Village Suite 339, Lake Benjamintown, SC 85984"
912,Regina Dunn,gallagheradrienne@example.com,"43499 Brenda Lodge, Frankville, SC 13869"
913,John Williams,jilldickerson@example.net,"8683 Long Field Apt. 136, Michaelberg, NJ 96465"
914,Mary Mendoza,benjamin77@example.net,"2011 Rhonda Fields Suite 557, Blackburnmouth, SD 23085"
915,Amy Mcdonald,terrijohnson@example.org,"459 Savage Overpass Apt. 011, South Jasonstad, PA 98373"
916,Jennifer Espinoza,george59@example.org,"2933 Lewis Harbor Apt. 513, Jessicaside, KY 56530"
917,Samantha Bradshaw,gquinn@example.net,"74788 Christine Stravenue, Lake Katherine, MT 29871"
918,Amber Ellis,jeff27@example.org,"5820 David Camp, North Kenneth, VA 33856"
919,Joshua Dyer,smithbeverly@example.net,"9444 Daniel Union Suite 924, Morrisview, SC 43298"
920,Susan Patel,catherinerhodes@example.net,"064 Page Hollow Apt. 523, South Brooke, PA 42873"
921,James Collins,glen61@example.net,"4601 Carrie Street, New Steven, OK 61167"
922,Joseph King,fkerr@example.org,"2737 Collins Fork Suite 431, New Nicolefort, PA 28397"
923,Dylan Brown,davenportashley@example.net,"31792 Katherine Pine Suite 162, Jamesville, WV 25436"
924,Kelly Jones,barbararangel@example.com,"99522 Gardner Plains Apt. 933, Whitestad, NY 85076"
925,Michelle Williams,ffernandez@example.net,"342 Kathy Union, North Jake, SD 42898"
926,Ryan Lewis,alanbrown@example.net,"5762 Smith Extension Suite 193, North Maxton, NJ 32758"
927,William Long,hunter57@example.net,"677 Webster Village, Williamsonfort, NE 29659"
928,Michael Booker,cindy96@example.org,"USS Vaughn, FPO AE 79061"
929,Alyssa Stone,gallowaytanya@example.net,"179 Hill Ranch Apt. 496, South Rebekahside, RI 30253"
930,Ronald Alexander,mburns@example.net,"98255 Kevin Islands, Crystalborough, WA 98796"
931,Cheryl Shaw,simmonsderek@example.org,"3172 Kaiser Valley Apt. 140, Smithmouth, MI 13524"
932,Nicholas Morgan,morrisjacob@example.org,"Unit 7264 Box 4210, DPO AA 78801"
933,Mark Graham,lisabrown@example.org,"40483 Eduardo Divide, North Ashleychester, DC 18415"
934,Summer Perez,mmullins@example.com,"455 Gibson Spring, Lake Tammyborough, ME 16360"
935,Kimberly Johnson,vrodriguez@example.net,"19003 Mendoza Harbor Suite 524, South Courtney, NM 15522"
936,Richard Jones,trivas@example.org,"095 Castillo Station Suite 554, East Lesliechester, IL 24995"
937,Michael Weber,greenjulie@example.net,"460 Jill Crest, Danielleport, PW 51526"
938,Janice Perez,torresmelissa@example.org,"6819 Daniel Radial Apt. 349, Shannonview, ND 08456"
939,Allison Morris,jennifer64@example.org,"Unit 2654 Box 3076, DPO AE 40858"
940,Ricky Brewer,darryl77@example.com,"4484 Cooper Valleys, Kaitlinberg, NM 99814"
941,Debra Glenn,pamela58@example.com,"653 Olson Falls, Jenkinsview, KY 58721"
942,Michael Harrington,catherine03@example.net,"96297 Joseph Tunnel, Abigailmouth, RI 27871"
943,William Ramirez,deborahdean@example.org,"PSC 6353, Box 2856, APO AE 26214"
944,Melissa Molina,susanhayes@example.com,"651 James Mount, South Jamie, NE 40855"
945,Jeffrey Bridges,laura38@example.com,"6175 John Walk Apt. 948, Hughesport, WA 11825"
946,Kathy Buckley,christina51@example.org,"679 John Rapid Suite 274, New Angelashire, NC 50158"
947,Chelsea Singleton,kimberlythompson@example.com,"34247 Foster Streets, Linton, MD 44704"
948,David Knight,jamesaaron@example.org,"223 William Mountains, West Timothyshire, WA 45544"
949,Joseph Newton,berryian@example.com,"64077 Bennett Turnpike, Dawsonberg, WI 12394"
950,Emily Zhang,emartinez@example.com,"489 Franco Manors, North Ashley, MD 72094"
951,Miss Mary Rodriguez,taylorjohnson@example.com,"604 Nicholas Stravenue, Monicaland, NY 06527"
952,Brandy Whitaker,hornjonathan@example.com,"8479 Linda Plains, Austinfurt, MA 41838"
953,Jenna Turner,phoward@example.net,"535 Reid Valley, Amandabury, FM 59137"
954,Jamie Spencer,antonio21@example.com,"03633 Christine Place Suite 597, Port Jean, OR 34105"
955,Valerie Jones,uhoffman@example.org,"USS Brooks, FPO AE 45841"
956,Jeffrey Miller,qbrown@example.org,"94227 Jeremy Orchard Suite 660, South Tammy, UT 58989"
957,Matthew Lewis,brian53@example.org,"843 Mills Island Apt. 066, Sheilaburgh, DE 30068"
958,Wendy Quinn,juanwilliams@example.org,"9220 Allen Tunnel Suite 306, East Jessica, SC 74030"
959,Elizabeth Shepherd,rogersdaniel@example.net,"21400 Michael Ports Suite 973, Myersport, HI 66441"
960,Jack Brown,randallangela@example.com,"Unit 1349 Box 1711, DPO AP 97943"
961,Jessica Lowe,greerkristen@example.com,"3872 Andrew Islands, West Samuelton, MN 27912"
962,Alexander Greene,vbowers@example.net,"USCGC Mahoney, FPO AA 89612"
963,Theresa Stone,jamessmith@example.org,"97253 Anthony Village Apt. 170, Lake Victoriastad, WY 30154"
964,John Shea,anna17@example.org,"3572 White Pines, Latashaside, DE 06601"
965,Megan Oconnell,ross17@example.org,"283 Brown Lakes, Port Michelle, OH 20529"
966,Katie Landry,jessicasmith@example.org,"PSC 7644, Box 3897, APO AE 28976"
967,Bernard Burton,teresathompson@example.net,"1085 Derek Extensions Suite 416, New Danielle, NV 50270"
968,David Price,anthony89@example.net,"0865 Charles Fords, Barbaraburgh, PW 01967"
969,Jennifer Quinn DVM,tgarcia@example.org,"17708 Peterson Ports, Evansberg, MS 77566"
970,April Bailey,andrew50@example.com,"7274 John Bypass Apt. 470, Warrentown, MI 88789"
971,Dr. Tammy Hammond,jennifer77@example.com,"PSC 5405, Box 0423, APO AP 33756"
972,Brian Munoz,erik43@example.com,"953 Johnson Place, North Martinfurt, HI 58492"
973,Molly Collins,breyes@example.net,"67479 Brenda Mills, Garyton, NY 68171"
974,Megan Owens,jamesandrade@example.com,"821 Laurie Views Suite 532, Nicholsborough, NE 23710"
975,Steven Reynolds,oelliott@example.org,"8697 Steele Shores, North Franklinport, WY 26516"
976,Jessica Jackson,tmoran@example.com,"USNS Anthony, FPO AA 19657"
977,Thomas Baker,jeremy15@example.org,"4045 Miller Plains, East Steven, GU 99749"
978,Amanda Edwards,jeffery85@example.com,"077 Ashley Lane Apt. 567, Faulknertown, ME 60324"
979,Taylor Castillo,xmiller@example.org,"90031 Frank Ranch, Courtneystad, DC 28173"
980,Allison Bennett,zkennedy@example.net,"19406 Norman Road Apt. 055, West Victoriaview, VI 51687"
981,Patrick Wallace,victoriamoreno@example.net,"1687 Harris Mill, Higginsland, ME 87387"
982,Jane Mendez,andersonlori@example.com,"2235 Randall Curve, Lake Bridgetport, ID 38878"
983,Dylan Adkins,lanceleach@example.net,"USNS Li, FPO AA 47234"
984,Stanley Skinner,davisjuan@example.net,"68440 Gordon Heights Suite 758, Debrahaven, AR 29877"
985,David Koch,mcfarlandmelissa@example.com,"320 Miller Rapids Apt. 848, Millerfurt, NY 37045"
986,Glenn Norris,nnolan@example.net,"743 Pacheco Alley Suite 005, Julieburgh, IN 12603"
987,Michele Edwards,lovetammy@example.org,"0009 Alan Plaza Apt. 024, Smithborough, AZ 25128"
988,Anne Jennings,gallen@example.com,"0178 Susan Pike, Villanuevashire, PR 27628"
989,Christopher Hill,pcombs@example.org,"297 Cortez Meadow Apt. 371, South Samuel, IN 53195"
990,Olivia Carroll,tbond@example.net,"772 Morton Island Suite 067, Marcmouth, DC 88072"
991,Tony White,tiffanymurray@example.net,"5850 Hart Vista Apt. 955, New Georgefurt, ID 74199"
992,Justin Ferguson,tmitchell@example.net,"71215 Rebecca Stravenue Suite 011, Port Whitney, DC 88325"
993,Michael Carr,vlucas@example.net,"367 Nelson Lights, Johnsonport, NH 59416"
994,Amanda Hughes,martin85@example.org,"0731 Scott Ports Apt. 638, Davismouth, WI 87668"
995,Heather Estrada,edwardstammy@example.org,"829 Gomez Mill, Juantown, CO 08922"
996,Paul Mann,etaylor@example.net,"2329 Daniel Wall Suite 229, Port Kimberlyfort, OH 75759"
997,Aaron Allison,samanthabush@example.org,"41946 Lisa Grove Suite 050, Brownberg, GU 06178"
998,Chase Shaffer,dennisalexander@example.org,"7868 Brooks Corners, Christopherport, VI 54460"
999,Jeffrey Wagner,joyce05@example.org,"966 Caitlin Oval Apt. 938, Hernandezchester, MH 15699"
1000,Angela Fisher,ythompson@example.com,"22173 Davidson Meadow Apt. 198, North Ashleyberg, UT 14855"
